rms,mean,std,kurtosis,skewness,crest_factor,peak_freq,spectral_centroid,band_energy,label,source
0.07325644879367166,0.012004959735576921,0.07226609323608835,-0.04582380725790891,-0.13732180841741556,3.7248450828604067,1037.109375,1101.735357601326,11556.618610558822,0,97.mat
0.07903500998776483,0.012790221454326924,0.07799322431413747,-0.18457978069835645,-0.06234781547794234,2.869170550013568,1037.109375,1133.8047360755015,13442.995367367694,0,97.mat
0.07433775179771179,0.011958815805288462,0.07336953091626922,-0.2217597461214953,0.0259600825706796,2.9494404112113353,1037.109375,1099.015100687688,11888.993996165427,0,97.mat
0.07368834391955426,0.010284697716346153,0.07296709547796111,-0.06903485417689437,-0.14753546467773282,3.383104726678903,1037.109375,1076.476779698609,11609.302310746481,0,97.mat
0.07211185268916011,0.011016379507211538,0.07126541012873087,-0.20560065019250162,-0.08345110709392911,3.1156981945707667,1037.109375,1089.3430709926654,11159.951777975206,0,97.mat
0.07266614145569184,0.011832913161057692,0.0716962361646794,-0.10070909639474657,-0.14113279966423087,2.8737455411380335,1037.109375,1098.7288599295487,11367.373109084285,0,97.mat
0.07166682630573706,0.010938861778846152,0.07082708024279968,-0.18993833126430992,-0.10265323035996105,3.3038781503780217,1037.109375,1090.073561580478,11022.196125746914,0,97.mat
0.07243872524010757,0.012053752103365385,0.07142881753635862,-0.29292266786107257,-0.04644471570872234,3.0325216142590663,1037.109375,1077.7814338264595,11309.231592623932,0,97.mat
0.07426014848654501,0.011843812499999998,0.07330957480921954,-0.3860566299415993,-0.05782197532282047,2.8345340989327763,1037.109375,1074.164531735598,11859.070441230688,0,97.mat
0.07127932100709587,0.011383188100961538,0.07036451258902278,-0.24889797338631814,-0.09138705427011778,3.4828096590257096,1037.109375,1080.9653210506697,10926.829951066085,0,97.mat
0.07458349659635476,0.01317577283653846,0.07341046910828453,-0.17652053398837797,-0.06607348469674698,3.194255835444608,1037.109375,1072.768764228572,12029.890746436155,0,97.mat
0.07403313923718553,0.011999459134615384,0.0730542174401259,-0.32247768164176405,-0.060116555060430454,2.933397362616976,1037.109375,1100.6652631871054,11796.253417769009,0,97.mat
0.07484937491564357,0.011355481370192308,0.07398298431473137,-0.278472148121403,-0.15881393832589702,2.918131352980179,1037.109375,1075.7380860695616,12019.566390285747,0,97.mat
0.07591204526850796,0.009843834735576922,0.07527109361864388,-0.4538303682198723,-0.12921532702385147,2.7536159070045816,1037.109375,1041.0727156256905,12288.345259885253,0,97.mat
0.07078187250846599,0.008584808293269231,0.07025933775927973,-0.012873752903886704,-0.08503685665157315,4.049589652029264,1037.109375,1145.25761141963,10661.441670698876,0,97.mat
0.07277435470177654,0.0102362109375,0.0720508618123544,-0.3526570517335377,-0.12030843479857223,3.0328688976707463,1037.109375,1106.0467752363693,11326.479610434597,0,97.mat
0.0717024986819821,0.010733098557692307,0.07089463246671435,-0.24974125011367576,-0.05017820029987689,3.072387297560163,1037.109375,1152.2052050340787,11023.568426778733,0,97.mat
0.07302179006072322,0.011834033653846155,0.07205648805730108,-0.29079872201986845,-0.07363637716761186,3.1197263147145553,1037.109375,1074.0524567816055,11476.090052794885,0,97.mat
0.07362100689199917,0.013871904447115384,0.07230230233403284,-0.2092389842166047,-0.09073388654217877,3.2615189309289727,1037.109375,1120.9631409159203,11770.226410414825,0,97.mat
0.07130883007100852,0.012663503906249998,0.07017538681697708,-0.26403643227786366,0.03302106853795072,3.156635717846611,1037.109375,1109.798832598115,11000.217054744055,0,97.mat
0.0739495958760727,0.012427079927884615,0.07289794520218272,-0.23831227660186993,0.030225682158107506,3.4162895385202963,1037.109375,1137.1585490813254,11792.22738835775,0,97.mat
0.07358844755010466,0.013973869290865384,0.07224950235037134,0.01297587935906952,-0.023794464346167367,3.379192614332911,1037.109375,1054.7050282891648,11766.130916995597,0,97.mat
0.07524466839278834,0.013191459735576921,0.07407931905454675,-0.12599494180206516,0.07565540149469636,3.3713525903002144,1037.109375,1132.1193905692446,12238.504280021736,0,97.mat
0.0750072037528451,0.012829336838942308,0.07390188584260741,-0.25424222075139813,-0.05213521457831165,3.248524902136841,1037.109375,1065.381486612785,12143.92022347077,0,97.mat
0.0751859343205781,0.014089891225961538,0.07385390771583353,-0.05507403535255451,0.08392273975477357,4.139792324971677,1037.109375,1077.4186225245946,12271.378322792445,0,97.mat
0.0708472705995201,0.012680515024038462,0.06970323012692282,-0.01552822668954823,-0.0779666112551666,3.565885158756448,1037.109375,1079.4511634361493,10863.522532839888,0,97.mat
0.07189908558450735,0.013666344951923077,0.07058831010545132,-0.33295409271567555,-0.027621378710507554,3.1800468626228104,1037.109375,1182.098063686006,11232.85907443935,0,97.mat
0.07124449083990013,0.012954118990384615,0.07005689313850257,-0.23750755402969226,0.08216044344544655,3.0482162595931017,1037.109375,1087.275225678439,10996.598267711672,0,97.mat
0.07296909242430963,0.012094802884615384,0.07195974008019859,0.0874022277808355,0.15721116141887637,3.7195010430771873,1037.109375,1086.7482259749852,11473.041103061496,0,97.mat
0.07246702074109333,0.013250642127403844,0.0712452775859672,-0.010910352388599165,-0.06877747498516522,3.6502715992339096,1037.109375,1102.6255868937212,11381.344390803126,0,97.mat
0.0729779269741688,0.013023182091346154,0.07180650773894212,-0.19207149814073476,0.022737477970469978,3.1930666473694895,1037.109375,1101.2894502059467,11524.64891559981,0,97.mat
0.07081366039628913,0.01138532722355769,0.06989240890635752,-0.24701253820494484,0.03395071795369287,3.1138972382511776,1037.109375,1156.3858804141635,10788.167034377355,0,97.mat
0.07483312180507502,0.012020239182692308,0.07386142409325766,-0.17460456845053685,-0.08968708926441978,3.0219115742908995,1037.109375,1090.206011135996,12047.05227062762,0,97.mat
0.07039759084988641,0.010672490084134616,0.06958389722394152,-0.3510752699820783,0.02537313386085335,2.812255328767681,1037.109375,1127.666236321368,10631.978553188932,0,97.mat
0.07412719547556905,0.01298651141826923,0.07298076205587598,-0.015213404337873992,0.004534809477122999,3.1970328217959287,1037.109375,1082.1467176113401,11877.199827831982,0,97.mat
0.07073340854840486,0.01248605859375,0.06962265023445312,-0.3155732821867421,-0.00540442695995743,3.2560481580323684,1037.109375,1087.4145897507367,10819.451331679491,0,97.mat
0.07294385486237892,0.012099896033653846,0.07193329186238157,-0.23698631270091441,0.017602631495359185,3.097320013655956,1037.109375,1093.9099354534526,11465.5776100107,0,97.mat
0.07225477481838465,0.012480252403846153,0.07116878377485289,-0.20668982995937668,-0.07214194512391314,3.1528435397190675,1037.109375,1125.9173307759513,11275.356028869557,0,97.mat
0.07064597157522767,0.011778722055288461,0.06965712459290965,-0.02739447762463154,-0.09437186999137737,3.484503763728732,1037.109375,1082.401501027321,10757.533268032545,0,97.mat
0.0722293422428201,0.011519990084134615,0.07130475236119874,-0.32287247658304485,-0.024063061608815023,3.405230212877754,1037.109375,1093.404197956551,11219.318190813196,0,97.mat
0.0713270824529518,0.013144500901442306,0.07010545476139618,-0.40059741881635214,-0.07590032072409625,2.8136297335920926,1037.109375,1088.336469123212,11031.7127985914,0,97.mat
0.07288400840542618,0.01329760096153846,0.07166067603581426,-0.3179064389015216,-0.021432132674805548,3.097000989548227,1037.109375,1089.4779950161437,11511.067029161824,0,97.mat
0.07597939550210317,0.014111486177884616,0.07465744771097112,-0.4466763512183576,0.018176553028637334,3.0641829629234776,1037.109375,1038.1810131519192,12524.197087770948,0,97.mat
0.07214574498580857,0.013707090144230768,0.070831660995174,-0.39604205183169183,-0.04974244234721793,3.0621860284504523,1037.109375,1104.964375446172,11309.715081313632,0,97.mat
0.07419094539665526,0.01290970673076923,0.07305912572002907,-0.3818488134742628,-0.021570652459781316,3.436106638580358,1037.109375,1084.9934068291043,11892.85693713547,0,97.mat
0.0721670217102362,0.011351101262019232,0.071268727522421,-0.26017117835316705,-0.033001921050172904,3.642319973668819,1037.109375,1068.9136731051487,11192.345660059576,0,97.mat
0.07753687012579619,0.013317158653846153,0.0763846811493828,-0.39528887222291553,0.002976329750385146,3.0322289006519823,1037.109375,1018.9755328329229,12979.929928991347,0,97.mat
0.07338380042530972,0.012932931490384613,0.07223518151099714,-0.2912447826171696,0.006434952130583022,3.3488170638838355,1037.109375,1115.1312222904583,11644.315377606026,0,97.mat
0.07153011688191448,0.013914177584134615,0.07016376047004261,-0.15629389658662918,-0.04294356698030657,3.692250040064637,1037.109375,1161.8514041455353,11136.210590775065,0,97.mat
0.07167877243394709,0.013659621995192307,0.07036519839086672,-0.34737261255209395,-0.0916411390785728,2.703780850687488,1037.109375,1080.5617059834628,11166.142429726846,0,97.mat
0.0704005808561356,0.01304457331730769,0.06918150686311098,-0.3736738657039185,-0.04944690932427202,2.984005099858259,1037.109375,1095.0925974711738,10750.845569948748,0,97.mat
0.0710190479093831,0.01332001081730769,0.06975874481226033,-0.4075094852847374,-0.011358506475132677,2.996205927446383,1037.109375,1103.8400134544288,10949.498675496614,0,97.mat
0.0702919059571272,0.01150226592548077,0.06934442963688675,-0.32414240959678997,-0.04280370064691763,3.101396582645554,1037.109375,1105.2045212351914,10639.384647386343,0,97.mat
0.07257535871819004,0.01098449639423077,0.07173927468297331,-0.32689075651281074,0.0544705587886661,3.2740165157098775,1037.109375,1042.4107017954645,11299.123288606332,0,97.mat
0.07059187064257373,0.013195228665865383,0.06934766139729145,-0.24042456493541664,-0.0965689025205249,3.1266358989212613,1037.109375,1077.5585536112928,10815.697081549637,0,97.mat
0.07079740167326909,0.011790538161057691,0.06980870499843732,-0.1801485988392333,0.04562926690878948,3.3267713738666322,1037.109375,1092.9698464213986,10803.035683326194,0,97.mat
0.07253339923850567,0.012375537259615384,0.07146985436271944,-0.011884473832397102,0.08325189165659136,3.4283453012295575,1037.109375,1091.462026224715,11354.499964199105,0,97.mat
0.07367118119624048,0.010916146334134614,0.07285794869512219,-0.16880765372512974,-0.053030206402298864,3.284783034891741,1037.109375,1082.3877799856339,11632.073588512269,0,97.mat
0.0758290879614253,0.011479041165865383,0.07495520125364179,-0.1869878523480315,-0.12437821051628199,3.111523642748098,1037.109375,1057.6699497532693,12335.067548869634,0,97.mat
0.07107432235377979,0.012988854266826923,0.0698773852035416,-0.15765265433670628,-0.052877152924944285,3.214013705495397,1037.109375,1097.5799426640021,10947.698779432667,0,97.mat
0.07280626487592556,0.01466419471153846,0.07131418932194013,-0.13363541268318802,-0.02365358253725402,3.257902224649413,1037.109375,1074.0044198143985,11567.451563872133,0,97.mat
0.07424066453478556,0.013784506009615383,0.07294973382156679,-0.2365774403755374,-0.04155177748718393,2.8465179553500204,1037.109375,1130.7548064289108,11957.304169747113,0,97.mat
0.07383765640769914,0.014964283052884615,0.07230539216749042,-0.5603071147643579,-0.08872296535799479,2.749041330753883,1037.109375,1069.0403458360865,11903.286309874573,0,97.mat
0.07451436737200814,0.014155490985576922,0.0731574536175764,-0.44563321868567485,0.030465435573570187,2.7548719220375806,1037.109375,1126.2329469486306,12064.427189423493,0,97.mat
0.07335556756349136,0.013802739483173076,0.07204528905710351,-0.2740652260197698,-0.0009486667979390958,3.352949839133275,1037.109375,1060.6719545950875,11684.397521135441,0,97.mat
0.07495579027153415,0.013579048377403848,0.07371553391514125,-0.4828432035407806,-0.05202931191451555,2.6468032696411217,1037.109375,1059.6136698125156,12169.271683135388,0,97.mat
0.07316021658663868,0.012781461237980768,0.0720350715945079,-0.46818260948600177,-0.0945049215538544,2.654734118329467,1037.109375,1070.9929189957065,11567.43486075079,0,97.mat
0.07514841192981542,0.012840236177884615,0.0740433126654215,-0.30245552661153763,-0.08052329955672287,3.336806272657959,1037.109375,1131.520018963168,12188.967515787153,0,97.mat
0.07608143524133636,0.012581911658653844,0.07503386093888204,-0.29768487161253,-0.02908602389701206,3.3671774394774485,1037.109375,1082.873834174227,12471.108640401813,0,97.mat
0.07408567260625668,0.014600428485576923,0.07263273623896462,-0.4266808520857919,-0.09473943782231666,2.858104785117833,1037.109375,1074.3948510072287,11957.665086336636,0,97.mat
0.07917422898535767,0.015106993088942307,0.07771960689064568,-0.3562223145345511,-0.011520020142203182,3.351580086493096,1037.109375,1043.063780858013,13624.734511787088,0,97.mat
0.07665586541052027,0.014577611177884614,0.07525699272613949,-0.36946230050080864,-0.07536124243697094,3.1133429741078467,1037.109375,1051.5831209058683,12768.777904027791,0,97.mat
0.0768444015684553,0.012680209435096153,0.07579099116053381,-0.35205020046051283,-0.12051850705114919,3.0622680252968766,1037.109375,1052.244771691234,12721.00834221715,0,97.mat
0.07514670224525676,0.013814861177884614,0.07386593578215235,-0.28355763297682746,-0.07234598846109215,3.2702555898576997,1037.109375,1054.4737915582714,12242.915945423536,0,97.mat
0.07421102039807237,0.013846133112980769,0.07290788809409261,-0.35575293160713795,-0.0385654097405448,3.1175216335452918,1037.109375,1123.2449971403157,11951.647828216679,0,97.mat
0.07567004814588843,0.013137777944711538,0.07452083585868131,-0.21838834459811096,-0.03681028537527628,3.151146199294982,1037.109375,1134.6580588358672,12370.165350167628,0,97.mat
0.07437681215697951,0.012414856370192308,0.07333335890263115,-0.32867414670993567,0.018677493203467163,3.1750838539058686,1037.109375,1044.353124014085,11924.487726023528,0,97.mat
0.0747420893095719,0.013347004507211536,0.07354071923121568,-0.07452118328465485,0.021329520506657002,3.1679400954093793,1037.109375,1045.0282889277603,12089.079766903018,0,97.mat
0.07452108026294448,0.012123935697115383,0.07352823666298834,-0.06295229044818695,-0.11897060461955948,3.2781142533448704,1037.109375,1109.251217381753,11954.561192125137,0,97.mat
0.07557527430761361,0.01066250751201923,0.07481933587133192,-0.022222891400103695,-0.08261830994945696,3.4200929325958436,1037.109375,1043.7032620241987,12216.562917076915,0,97.mat
0.07558948305889482,0.011649865384615384,0.07468634805392005,-0.08299129379113657,-0.0312686270408305,3.2455797073852786,1037.109375,1058.4546317458994,12267.267391911528,0,97.mat
0.07456382838892175,0.01156817127403846,0.07366099318762329,-0.2842710229246679,-0.07145761392161849,2.88454155568033,1037.109375,1054.8743600238558,11940.317554218751,0,97.mat
0.07337278905220876,0.012392039062499999,0.07231876341015103,-0.2597289489845038,-0.06973589180029328,3.0564674092184787,1037.109375,1075.3664025331625,11612.2006161687,0,97.mat
0.07746588905393764,0.012574068209134617,0.07643858172146449,-0.17960423323368868,-0.017155314489258517,3.145420161138442,1037.109375,1048.1115301904833,12916.507927439772,0,97.mat
0.07205866801809463,0.012979482872596154,0.07088007238217212,-0.35463748496371617,-0.010539409947579237,3.0340405823491383,1037.109375,1128.7401256211683,11242.660008035768,0,97.mat
0.07228028517437937,0.01322354657451923,0.07106037883997754,0.11832611516735358,-0.04041870256472896,3.5904332396509084,1037.109375,1102.9742343848006,11323.155618348852,0,97.mat
0.0740907579734369,0.012902168870192307,0.0729587174744968,-0.26587468670445347,-0.028783352842155076,3.1056878823302894,1037.109375,1092.8234191014799,11861.294141179545,0,97.mat
0.07621795894380862,0.009740036358173077,0.07559304833978825,-0.27445412354380805,-0.09720629061018043,3.0600662000401946,1037.109375,1046.4840675499495,12381.68028600666,0,97.mat
0.07222602736661934,0.008706330829326921,0.07169936424163019,-0.15789586109963416,-0.13229129361498587,3.535363082799754,1037.109375,1085.7927827624062,11098.965587822038,0,97.mat
0.07229576319267739,0.008276774639423078,0.07182041755086006,-0.29235101853186896,-0.09244859799998327,2.8913536029423597,1037.109375,1073.3311539217598,11104.802193285217,0,97.mat
0.0778922476135969,0.010359770733173079,0.07720024215411492,-0.04779181175890779,-0.12902747278068122,3.508515445617324,1037.109375,1030.1475902462835,12948.921828898343,0,97.mat
0.07277260544871651,0.009995304987980768,0.07208291047114988,-0.3041190495981305,-0.180598533777776,2.8781413673782406,1037.109375,1126.4369546552412,11315.722683044918,0,97.mat
0.07604159389369042,0.010656803185096153,0.07529114521487278,-0.09059784311722519,-0.06429321967110167,3.3991194595397425,1037.109375,1060.5944178386544,12364.580345501146,0,97.mat
0.07378739414165271,0.010930305288461539,0.07297333732615383,-0.2608337489630048,-0.03781818989326075,2.934685141679663,1037.109375,1056.9470379745867,11668.66088391049,0,97.mat
0.07453174721144858,0.011930192307692308,0.07357072688163921,-0.37607884969406324,-0.03291105849085421,3.0985082117296354,1037.109375,1089.2997191098061,11948.124547438716,0,97.mat
0.0756197582245937,0.011904930288461539,0.07467677328843873,-0.28467986315568305,-0.11434871473813864,2.968406129777201,1037.109375,1124.9434862005953,12289.464872372024,0,97.mat
0.0764556186051299,0.013274274338942307,0.07529445701422903,-0.2700474711505789,-0.019363521806309632,3.364340959154969,1037.109375,1073.0347789875666,12628.353033298712,0,97.mat
0.07665675249460566,0.014027347355769229,0.0753623993061515,-0.46111000072195996,0.0421065110242026,2.960907305295911,1037.109375,1036.0713290713882,12736.054796371423,0,97.mat
0.07575095254682597,0.013584447115384616,0.07452294685746665,-0.3066161611529181,-0.022460203637678852,3.381867602910116,1037.109375,1050.971838848418,12420.893704111786,0,97.mat
0.07478007289732977,0.013633545072115383,0.07352676894367488,-0.28990038211273905,0.03598319523729338,3.473200062304674,1037.109375,1040.0429769019704,12117.203398007809,0,97.mat
0.07949075277937999,0.013965109074519231,0.07825442802787129,-0.3049905367996315,-0.02194452275076768,3.0836678274188163,1037.109375,1028.7477931926521,13660.437045981167,0,97.mat
0.07454016292950986,0.014745786959134616,0.07306707641964125,-0.32832713479020104,0.0017680972934054125,3.0086000573089047,1037.109375,1090.151889835128,12108.271170773749,0,97.mat
0.07528589907344636,0.01489735907451923,0.07379725802427886,-0.37522985318430147,0.062412087245586056,3.194934794188778,1037.109375,1076.108193860985,12352.009692489737,0,97.mat
0.07420919562235141,0.014263058293269232,0.0728256128229569,-0.21426745929837265,0.04141067324285573,3.35092620767662,1037.109375,1061.5457042384655,11975.659413448448,0,97.mat
0.07393493085215526,0.01415172205528846,0.07256791827648663,-0.21483470410764305,-0.03302389384253934,3.1460928030255024,1037.109375,1065.5245043161608,11883.81586978633,0,97.mat
0.07409041924663162,0.014008400841346153,0.0727540715699803,-0.19138618142608088,0.04379156134688866,3.195804045193417,1037.109375,1071.5988622848854,11923.620252854618,0,97.mat
0.07435832186247732,0.012883426081730768,0.07323371738892101,-0.27390503940136,0.030659980857657507,3.2291786807183867,1037.109375,1088.2203800805705,11943.579193961614,0,97.mat
0.07408336758375361,0.015039050480769232,0.07254083204090253,-0.29989919723471736,0.04924184512962925,3.1538689234811423,1037.109375,1174.3215103134403,11984.208619222236,0,97.mat
0.07437552616600467,0.01347382391826923,0.07314489019398088,-0.05562857188757997,-0.015938654752502005,3.5033112209929027,1037.109375,1075.940905238047,11981.579985650595,0,97.mat
0.07519925811365262,0.01348044501201923,0.07398111936921255,-0.21540013636127453,0.061038677186919264,3.1181649685067994,1037.109375,1069.9083675818385,12240.342931592202,0,97.mat
0.07198905910303788,0.013128915865384616,0.07078175046394608,-0.12308853813235654,0.008334791019383225,3.436881232184424,1037.109375,1090.7728274788456,11229.814912034657,0,97.mat
0.07267029465717763,0.013585262019230769,0.07138916151230427,-0.11868330111836523,-0.06551495104070534,3.1376866773457377,1037.109375,1082.2479469913226,11462.049345627127,0,97.mat
0.07362153958064377,0.013825760516826924,0.07231168257173697,-0.15447412826903317,-0.017799535269115475,3.1226480070323945,1037.109375,1099.5144254117793,11767.71205204429,0,97.mat
0.07075132986869821,0.01376107752403846,0.06940016875748035,-0.11919300318641035,0.08025863426938859,3.4468805755024845,1037.109375,1079.3223106515165,10894.951273582597,0,97.mat
0.07295797112965507,0.012466908353365384,0.07188492016733672,-0.2755552524272118,-0.022104755851132255,2.9508917749436705,1037.109375,1083.9556141925796,11488.805476171954,0,97.mat
0.07437144861902521,0.0125668359375,0.07330202592160918,-0.2764286780846561,-0.031732795950160195,3.267879375617688,1037.109375,1092.4404121776108,11930.776601093869,0,97.mat
0.0736858035434828,0.012208685697115385,0.07266736294511995,-0.22558739710850384,-0.012718509341405953,3.0491459470640616,1037.109375,1078.238812013031,11699.276243224096,0,97.mat
0.07361099924923185,0.010941306490384616,0.07279331715723554,-0.38315683625238517,-0.07721600939737473,2.9417175617681743,1037.109375,1141.366799612499,11614.637922666197,0,97.mat
0.07495180850910965,0.011617880408653846,0.07404592124888756,-0.539821535935642,0.05414575601218109,2.7443603206154665,1037.109375,1090.9229673244597,12064.387610511416,0,97.mat
0.06692477927835645,0.008001948317307692,0.06644467551718397,-0.1802250438010553,-0.27795490371864806,3.051701682705604,1066.40625,1096.7217493155858,9527.271461447966,0,98.mat
0.06371422885072042,0.009595798377403847,0.06298748773798006,-0.016090303029067776,-0.2723655206919202,3.2087507078219195,1066.40625,1114.370908555447,8706.49784821694,0,98.mat
0.06397243375023971,0.010815709435096153,0.0630515083827848,-0.19360704610542712,-0.21051940062189,3.3034132395282323,1037.109375,1114.255581665891,8827.86036666353,0,98.mat
0.06527952490075085,0.011418228966346155,0.06427317028542971,0.10603251343755993,-0.09658415800491012,3.077482804754675,87.890625,1102.786200198259,9210.254445946293,0,98.mat
0.064786862267186,0.012309428185096154,0.06360672527479536,-0.0319156230354074,-0.2256579808598046,3.516268453633428,1066.40625,1094.221321009343,9120.218794608423,0,98.mat
0.06704966696077092,0.012865090745192306,0.06580385459582336,-0.11845655040875158,-0.03629712395458218,3.1673604234710693,1066.40625,1172.206011875065,9775.171411697724,0,98.mat
0.06288576297845333,0.011462743088942306,0.06183223031930125,0.1369804643898771,-0.3061033110442138,3.363813842450778,87.890625,1121.2159140498138,8568.990646432176,0,98.mat
0.06745257118787129,0.01028520703125,0.0666638123435734,-0.15333195881530326,-0.09873736079267638,3.1206063663703896,87.890625,1093.3770430769391,9763.57291751496,0,98.mat
0.06641343135548951,0.010673916165865384,0.06555006771998328,-0.3511541452135454,-0.15696386400518983,2.783070035635993,1066.40625,1029.4245576340638,9488.933997153865,0,98.mat
0.06798860136337563,0.010303440504807693,0.06720334090736778,-0.1044764264022926,-0.23882457457064077,3.2862431708064745,1066.40625,1081.8188761250997,9916.615097016313,0,98.mat
0.06386862053813548,0.010922258112980768,0.06292777580018037,-0.342558362839092,-0.17654173803011045,3.0834065526644006,87.890625,1095.7642441490166,8804.884525361545,0,98.mat
0.06606592031868143,0.009681668870192306,0.06535266724046014,-0.11559852728922637,-0.20080351833917562,3.34714640506988,1066.40625,1077.9637119834779,9350.027491509034,0,98.mat
0.06542608261775602,0.008941634314903846,0.0648121860646898,0.06514741125001366,-0.2747383720812261,3.644530974114477,1066.40625,1087.5220614255104,9144.683947834334,0,98.mat
0.06842705623187977,0.010156655949519231,0.0676690798258993,-0.15625741246617375,-0.12245359472291058,3.2590887060540705,1066.40625,1064.258187866854,10035.751966323327,0,98.mat
0.06609400640265008,0.009349595552884615,0.06542937219132575,-0.3665883872646658,-0.13626775407191077,2.878585232224662,1066.40625,1166.243604142074,9344.553960897996,0,98.mat
0.0647607845113886,0.010005898737980768,0.0639831321597793,-0.18085392152028312,-0.17428294660831375,3.118240364617262,1066.40625,1188.343413437014,9005.32843661074,0,98.mat
0.06368457005164521,0.010353455228365385,0.06283733307116988,0.2395101691070396,-0.3781558857324531,3.947291129667355,1037.109375,1101.8389635382732,8730.272761621596,0,98.mat
0.0637621958040142,0.00928939453125,0.06308188934228451,0.06938038428936899,-0.08436063852218438,3.562960010731805,87.890625,1088.6341012632836,8707.187268636504,0,98.mat
0.06965850913913574,0.009923084134615383,0.06894809857236384,-0.13564234599425795,-0.06332545557551426,3.2613697400899118,1037.109375,1096.9869838946368,10382.52732539445,0,98.mat
0.06508264103568569,0.010555347656249998,0.06422098410983451,-0.0755585503770444,-0.21661850125966067,3.5676014276926895,1066.40625,1092.8471014741053,9116.666841821605,0,98.mat
0.06519116094952969,0.01118027704326923,0.0642252977508336,-0.1469816595526039,-0.16319475711497716,2.9152512797210193,87.890625,1060.4666370163213,9174.80100594918,0,98.mat
0.06747514750900142,0.011554623497596153,0.06647846423609904,-0.11694262266747035,-0.3079490453783116,3.4441945966925944,87.890625,1104.6971084841794,9828.102858082137,0,98.mat
0.06814934565547369,0.012612878004807693,0.06697199878833741,-0.23767067820591947,-0.2656245980920476,3.1131897762661134,1037.109375,1091.0449487693236,10073.496315660524,0,98.mat
0.06466414056831923,0.012293231971153847,0.06348486058221085,-0.14989233005286096,-0.19497202092710925,3.1583882464606927,1066.40625,1078.5914406491713,9086.067420018846,0,98.mat
0.06789792976876982,0.014874134314903845,0.0662486905173755,-0.18979631257588325,-0.2817252212438453,2.949585796103099,87.890625,1034.5653360228455,10132.114601177063,0,98.mat
0.06417617408057298,0.013441125901442308,0.06275282825595659,-0.07860181004788958,-0.16826483559386193,3.2214112030780684,87.890625,1069.8379175282832,9016.170637395237,0,98.mat
0.06399414399266194,0.011004868990384616,0.0630408068147769,-0.09011607965365176,-0.06834671668255843,3.194715393747902,1066.40625,1061.923185175346,8842.3424640401,0,98.mat
0.06486122524336012,0.011655569711538461,0.06380537778878331,-0.03682557342964676,-0.1394996607204176,3.171305636904019,1066.40625,1079.805024725942,9107.575734218792,0,98.mat
0.06660607644873262,0.009385553185096155,0.06594149536751609,-0.042792113020504896,-0.2589625085106275,3.326266164800556,87.890625,1079.0866414080879,9488.475944819902,0,98.mat
0.06302548573566955,0.008546915264423078,0.06244327098799243,-0.4045369124451321,-0.09861901075912008,2.8433039950883874,87.890625,1126.6946214059653,8483.526523293893,0,98.mat
0.0623443725541902,0.0122278359375,0.06113346724553785,-0.2777185042772272,-0.1638866618632805,3.2089849596650972,1066.40625,1069.6523769118203,8464.820086848287,0,98.mat
0.06731352942984568,0.008400945612980769,0.06678723947814012,-0.25381348815275917,-0.218090503345634,3.0309782874553077,1037.109375,1060.352679421775,9650.43719099279,0,98.mat
0.06736976814723694,0.007693812800480769,0.0669289989825309,-0.16794630025010093,-0.21552427486935863,3.0563172514618397,87.890625,1107.1559852463372,9642.452803225684,0,98.mat
0.0676958754724654,0.008768874699519232,0.06712554202751493,0.16549189877799453,-0.3334949044188949,3.9753359311130474,1066.40625,1086.9683843621217,9771.940330920293,0,98.mat
0.06532460803558891,0.009146073317307692,0.06468117004103868,-0.03426919978716514,-0.3093922375737391,3.682127542663487,1066.40625,1102.8245540651485,9124.6125917613,0,98.mat
0.06702024731548333,0.010450123197115385,0.06620051718373249,-0.20067970030215987,-0.08762705951459424,3.059805525807827,1037.109375,1061.141786831315,9648.825654261314,0,98.mat
0.06977410505150557,0.011022389423076923,0.06889798739545719,0.20470561765300888,-0.2251223938569207,3.5041256435858084,87.890625,1049.0445075445682,10464.618200256456,0,98.mat
0.06471743488380638,0.010223376201923077,0.06390484298528298,-0.40954152140081845,-0.17604157220164462,2.8850149819131357,1066.40625,1137.5597359530257,9002.786627239095,0,98.mat
0.06552876062241017,0.011211141526442307,0.06456259578411648,-0.00612955071720922,-0.12484390714627988,3.836201632288594,1066.40625,1108.937325286898,9268.79893439188,0,98.mat
0.06750331196090728,0.010026984375,0.0667544508631078,-0.26170144059618394,-0.10524199389320481,3.158436480870671,87.890625,1081.4480532688992,9766.9335982374,0,98.mat
0.06711212655859797,0.010203512920673076,0.06633193691801052,-0.09696719769759898,-0.06739000240433594,3.1954972429217503,1066.40625,1080.0033483046686,9663.988986048296,0,98.mat
0.06620822686871547,0.010352844050480769,0.06539379118208181,0.11204243659176161,-0.208952879269675,3.673947332011638,1066.40625,1090.1657821139097,9417.702371749509,0,98.mat
0.06286330926751207,0.008581344951923076,0.06227484380453294,-0.29613453251790256,-0.11921465222856654,2.887143338939395,1066.40625,1111.909175136166,8441.949027211993,0,98.mat
0.06326151226525713,0.009410917067307692,0.06255760204834848,-0.2962318597572673,-0.15258809188722638,3.3042620686672226,2103.515625,1098.329600116585,8578.576970161137,0,98.mat
0.06592822605419973,0.010154822415865385,0.06514146584439054,-0.08453056533625691,-0.24937951753290544,3.044037615012028,1066.40625,1099.9255671569404,9331.595053710062,0,98.mat
0.06683581406444444,0.009658342247596152,0.06613427603508855,-0.07363665169040123,-0.16543950531581914,3.2274359295499475,1066.40625,1056.4067903673435,9563.662372007719,0,98.mat
0.06646388908837665,0.010297838040865384,0.06566127537929901,-0.19417958374889777,-0.19817043274361246,3.0477533174772273,1066.40625,1090.361494473311,9486.45389698095,0,98.mat
0.0700868929002219,0.011152162860576922,0.06919394352064596,-0.3143182380194176,-0.20715551388271367,2.9884310387682063,87.890625,1055.0934075894695,10562.39679369694,0,98.mat
0.06657505811261065,0.009443716947115384,0.06590185561059908,-0.035809019649024165,-0.00484263843059108,3.6286354414590583,1066.40625,1086.0373134200765,9482.10915338772,0,98.mat
0.06341729680899735,0.011460502103365385,0.06237315469093433,0.1515223743828953,-0.30086995934066896,3.49351911244041,87.890625,1085.175216146627,8709.67490131656,0,98.mat
0.06365289155892102,0.011554725360576923,0.06259535865903638,-0.17996697635019254,-0.06590275006904689,2.95620626674743,1066.40625,1102.5438510496226,8777.004921637154,0,98.mat
0.06785277895783116,0.012013923677884616,0.06678072513953602,-0.2971400681334342,-0.172281510235457,3.0284117614970265,1066.40625,1055.7731761410876,9957.978052776323,0,98.mat
0.06674115887430877,0.013694051682692308,0.06532116989458683,-0.17822571594452752,-0.10056510597917247,3.441437672577681,1066.40625,1057.5140379920483,9734.78932249781,0,98.mat
0.06587299898148355,0.014212024939903846,0.0643216164436349,-0.15093110283688205,-0.12363928695459314,3.334780614159502,87.890625,1079.3154478643828,9523.656995902144,0,98.mat
0.06941028658532317,0.012135446213942308,0.0683411942319214,-0.21884383319447664,-0.17873707564296468,2.9664678644177065,87.890625,1100.8083136193502,10412.47732157047,0,98.mat
0.06327503238026772,0.013099273737980768,0.06190427085639063,-0.08226956961228371,-0.18258605649394927,3.3002590776250895,1066.40625,1089.28949057869,8756.281915697868,0,98.mat
0.06572308674012475,0.01216437530048077,0.06458755378708049,-0.1140497348674896,-0.23636566153850744,3.485224198513618,1066.40625,1093.4288903129345,9369.018055882372,0,98.mat
0.06783565645796892,0.01155920733173077,0.0668435562559746,-0.2505682724688838,-0.23079854399303104,2.8938627142896314,87.890625,1123.585372869386,9930.624462199983,0,98.mat
0.06626180100068571,0.01153669561298077,0.06524975805463117,-0.23324446096064877,-0.04307056514906011,2.972043018795778,87.890625,1059.8517819219617,9486.931837605733,0,98.mat
0.06398773133939109,0.009590705228365385,0.06326490445092522,0.09151180668366932,-0.2636460311725927,3.527580075571314,1066.40625,1110.6824412482504,8779.539097273251,0,98.mat
0.06786456903255135,0.012424533353365384,0.06671754417636368,-0.19306126747686037,-0.16072206242496942,3.052477601732277,1066.40625,1090.872965527648,9982.377684331286,0,98.mat
0.06934405577546174,0.012276424579326923,0.06824871772376713,0.0504840673041933,-0.24011615537231407,3.402512260949867,87.890625,1058.7170758997827,10400.424043173065,0,98.mat
0.06461875646345654,0.011307198317307691,0.06362178049297725,-0.16168463178469406,-0.07184646126789837,3.2671437951635913,1066.40625,1079.1773367474598,9024.96028777776,0,98.mat
0.06346470266534252,0.011673192007211538,0.06238192905612254,-0.2020282311256385,-0.08583110661062357,3.1687729134994034,1066.40625,1110.2289468302681,8732.607152433162,0,98.mat
0.07311442822879208,0.012155615084134614,0.07209688368542393,-0.07675117686772204,-0.1125532164350649,3.492405493074446,87.890625,1116.2486431723087,11520.654458047282,0,98.mat
0.06367649685100298,0.011413033954326923,0.06264534226239946,-0.1297654388966354,-0.11115538103883765,3.0992621077747833,87.890625,1118.1057958776871,8776.482431289678,0,98.mat
0.06418196548555188,0.013049768329326923,0.06284129406798898,-0.13751484769934663,-0.15154824268813094,3.2763768778574587,2103.515625,1099.50933652404,8995.9864856399,0,98.mat
0.06205955647285463,0.011288557391826923,0.06102423306866595,-0.18425993408414953,-0.2643535283905541,3.354812146252148,1037.109375,1107.8522726721633,8344.190417546039,0,98.mat
0.06686438892378556,0.011150125600961538,0.06592815184148604,-0.3614728864169745,-0.1081244583994758,2.8516593751540773,87.890625,1102.8267901814143,9636.773569279734,0,98.mat
0.065163480940632,0.012432478665865384,0.06396649687549656,-0.228867510030764,-0.17704759044087917,2.8812740425101233,87.890625,1108.8150239142883,9229.241952751907,0,98.mat
0.06577523988231578,0.010620234374999999,0.06491219302562694,0.12218737733547291,-0.2009267642883329,3.5332070073380377,1066.40625,1083.1300597041395,9309.61667894622,0,98.mat
0.06113959061748235,0.010295393329326923,0.060266528165041876,-0.2317306935050425,-0.21252878502878217,2.97877739987933,1066.40625,1108.8637154381456,8061.54592996442,0,98.mat
0.06721490771290603,0.010622373497596153,0.06637024182668044,-0.2425723544868359,-0.14796811137867502,3.4575296815726415,87.890625,1124.0503836562546,9711.235864542103,0,98.mat
0.06634485396538901,0.009404092247596155,0.06567497770602969,-0.1782583706358576,-0.18265665022209654,3.03121069305758,1066.40625,1084.292486650264,9416.373003136074,0,98.mat
0.06844639082039868,0.009700615384615384,0.0677554903863777,-0.10545962529474195,-0.04396070373432079,3.422752815963779,1066.40625,1086.2255741112808,10022.309294352413,0,98.mat
0.06606301879999414,0.010002027944711538,0.06530146927873515,-0.02870073432830811,-0.008709386701894292,3.5241315558953823,87.890625,1062.8521142582697,9362.447814078243,0,98.mat
0.07056230071361028,0.010461022536057692,0.06978255720090845,0.21707229864268562,-0.2894422121030341,4.363750963025442,1066.40625,1059.60485360888,10671.297658009547,0,98.mat
0.06576913691725338,0.011648133713942308,0.06472943960689403,0.23666381324121266,-0.3084608311585721,3.891963448526377,1066.40625,1139.4252246617302,9355.934055806889,0,98.mat
0.06402747127194724,0.011967474158653846,0.06289909887861656,-0.14542694285004254,-0.21878896083922894,3.0627238221787993,1066.40625,1102.0808917407035,8897.664169999987,0,98.mat
0.06849768861039827,0.01133673858173077,0.06755302882400302,-0.008161508966005648,-0.26727545615424103,3.377551363146885,1066.40625,1095.9644447899548,10109.226339501802,0,98.mat
0.06998962309939666,0.013911732872596155,0.06859308296087242,0.009848467523121851,-0.0439919538410489,3.6751557993885893,1066.40625,1028.910597927694,10678.873415532906,0,98.mat
0.06437615164653648,0.01312310967548077,0.06302438332314855,-0.18586384451004,-0.17319744459403494,2.9683615348258123,1066.40625,1116.0744628096672,9052.365658639552,0,98.mat
0.0705273953006506,0.014896646033653845,0.06893622723098687,-0.21376600937698242,-0.23622040161254243,2.949060256300431,1066.40625,1095.688710106903,10896.84924952208,0,98.mat
0.06961695381783942,0.014473405348557691,0.06809582069768691,-0.17880707401393536,-0.22911620247693834,2.9456750379154615,1066.40625,1111.2079398217847,10603.199678305018,0,98.mat
0.06507367949317393,0.011289881610576924,0.06408683434216018,-0.04581146443030182,-0.17761662873999742,3.5488577343080085,1066.40625,1079.3697745519269,9147.871780844713,0,98.mat
0.06575116187390947,0.010122022536057693,0.06496737602480637,-0.15203069196270658,-0.19371396404711708,3.0744446475328613,1066.40625,1084.15612440061,9281.303679619541,0,98.mat
0.07083558113328367,0.013337123798076922,0.06956867602078384,0.09043224503001612,-0.16173991050162728,3.2366263398180957,87.890625,1046.1876098748608,10895.87567532368,0,98.mat
0.06881225708999739,0.012030832932692307,0.06775238582341984,0.2708841008632574,-0.30977935708359416,4.220071069676148,1066.40625,1077.3734036708329,10233.824083780768,0,98.mat
0.06476659762819466,0.013559185096153845,0.06333135611891402,-0.21412517881176063,-0.2576832863842788,3.246801829848866,1066.40625,1110.0329088041874,9182.51275299251,0,98.mat
0.06533246879569497,0.013820158052884614,0.06385401091813847,-0.1177968364637878,-0.2322905386142085,2.9025596018480817,1037.109375,1110.223678692697,9351.888917641834,0,98.mat
0.0631042143788705,0.01217069080528846,0.061919432795339076,-0.08341379219213518,-0.010338757069374305,3.4149809870677856,87.890625,1136.0788201981377,8661.798153426345,0,98.mat
0.06651100037598609,0.012539740384615385,0.065318206360102,0.6241663832777737,-0.17650960376559527,3.7450462002177676,1066.40625,1058.5738045024718,9606.965768020398,0,98.mat
0.06647049012823479,0.013324798377403845,0.06512123928557637,0.18792387519454534,-0.08239337245412746,3.5150821111515045,1066.40625,1072.7269990199563,9638.251133486707,0,98.mat
0.06687769733169076,0.014715431790865385,0.06523865776974283,-0.07017245494429325,-0.08825311073641678,3.3377115308168204,87.890625,1069.8686936678107,9833.902936282188,0,98.mat
0.06467180231029694,0.015510879807692307,0.06278419085767892,-0.23792224052366473,-0.16186827085689748,2.8967279199328573,87.890625,1084.8592955362737,9275.76476529716,0,98.mat
0.06544480431459412,0.016149560697115383,0.06342092794232598,-0.4261487457130553,-0.16382013062592218,3.082461305153465,1066.40625,1114.936434293717,9529.102653190319,0,98.mat
0.06790649200005076,0.015471968149038461,0.06612041936760608,-0.17433505914020042,-0.16855263264649514,3.382379676767381,1037.109375,1066.5186515951575,10172.59953564694,0,98.mat
0.06959426145621825,0.018453701322115386,0.06710307098151784,-0.1738210948433463,-0.1793656986893877,2.8896812260267475,0.0,1046.5663720346022,10871.426784879925,0,98.mat
0.06606136911858355,0.016106981971153844,0.06406769561645456,-0.16069133439455108,-0.09805149225288927,3.104218483707381,1066.40625,1102.1387327430386,9696.264322189762,0,98.mat
0.06610200809399108,0.01500726923076923,0.06437590655123444,0.23463448015887733,-0.23150020906209118,3.5031171306296045,1066.40625,1096.2707629125612,9635.769992741542,0,98.mat
0.06892392887025374,0.017556797776442305,0.06665033250291334,-0.21896874612264128,-0.0882112670994686,3.2567811720180524,0.0,1068.5280785660461,10608.964845327686,0,98.mat
0.07176023628596088,0.015167194110576923,0.07013905997822482,0.03338056266477407,-0.02044257190513504,3.3780696590390407,1066.40625,1066.2888868151153,11281.786355702603,0,98.mat
0.0662732363499213,0.01502580829326923,0.06454740073330954,-0.050228755023894234,-0.2352591419456204,2.996712656452034,1037.109375,1134.0833961751857,9684.47292862862,0,98.mat
0.0642440003359338,0.016191935697115384,0.06217003134584976,0.011426323543584083,-0.2552076622554197,3.0199288132403264,0.0,1042.6295898558776,9205.386155330789,0,98.mat
0.06569066128317637,0.013445302283653846,0.06429997532131858,-0.1567294123962797,0.021800600048731106,3.1185605943165196,87.890625,1052.4818039131687,9428.877376873785,0,98.mat
0.06853325633316845,0.014605012319711539,0.06695894890728832,-0.2013144809982439,-0.22229247928999077,2.9952981872567035,1037.109375,1060.5952543417013,10297.254547608865,0,98.mat
0.06385497085602686,0.0151940859375,0.06202094046004061,-0.10802526087037068,-0.22290676072382226,3.2670187116011307,1066.40625,1118.4440312832796,9035.196708826988,0,98.mat
0.06647720958652854,0.014521790264423077,0.06487169646253556,-0.0301273438133971,-0.06013765537206359,3.41430604372922,1066.40625,1070.2499197787497,9710.026262966356,0,98.mat
0.06997458550810476,0.016660709134615384,0.06796222030041991,-0.1527509616640681,-0.07080718359673406,3.774328565225826,87.890625,1036.0284128644198,10850.709871445493,0,98.mat
0.06966178726146184,0.01702598978365385,0.06754909530369806,-0.05365734709199632,-0.1619486425240569,3.776302767148952,0.0,1106.1764734570572,10784.914613382234,0,98.mat
0.06619800928522782,0.01784771844951923,0.06374664994706623,0.24885469530446347,-0.24286534850614241,3.371981483259997,0.0,1081.4700715800536,9858.119077042404,0,98.mat
0.06794169285029557,0.018659464543269232,0.06532915130569494,-0.18882970390398945,-0.12267104255182346,3.288512068949794,0.0,1095.144634295462,10410.782220141284,0,98.mat
0.06942587492382778,0.01825934675480769,0.06698170171790706,-0.11642715444001572,-0.18904588356774432,3.1821520801874503,0.0,1039.1800055820834,10807.370470066066,0,98.mat
0.06817965120158821,0.01817755078125,0.0657118062874953,0.3148624566370075,-0.21765738009755908,3.968547052934335,0.0,1037.5820901128445,10441.485190416288,0,98.mat
0.06410685204007288,0.018398084134615387,0.06141008857397463,-0.11646818927311298,-0.04020881617793942,3.114252481967544,0.0,1061.3845195578788,9328.505289172876,0,98.mat
0.06633890734948111,0.015388746093749999,0.06452935085668485,-0.2467581738584106,-0.10453887235540388,3.364819688128425,1066.40625,1103.7777340936493,9725.885838036747,0,98.mat
0.06527173622571832,0.015707882812499997,0.06335346847228268,-0.04447310326910037,-0.22545039001894407,3.3175579776510866,1066.40625,1096.9875631018785,9452.151248949605,0,98.mat
0.06395933432929347,0.016451584435096152,0.061807295826797344,-0.12713106790111794,-0.18891675878266237,3.121435286506498,1066.40625,1126.3202225712403,9146.623140183663,0,98.mat
0.068187093696693,0.016006646935096153,0.06628172448493451,-0.061221859213939744,-0.2021640252501321,3.0319204844460574,1066.40625,1052.122873484983,10287.98279622744,0,98.mat
0.06666943101690312,0.016688823317307692,0.06454685281561984,-0.147016019601927,-0.19357208857630584,3.360654495763096,1066.40625,1115.5795075455826,9905.539020153832,0,98.mat
0.07025334256050478,0.014806904747596154,0.0686752336196918,0.004310885218135496,-0.14879073181236793,3.3614431253748815,1066.40625,1041.9237579700716,10810.349803296082,0,98.mat
0.06490862825809691,0.013099273737980768,0.06357310004935472,-0.09543923438026258,-0.07676154866788945,3.2139854163280868,1066.40625,1081.186238397869,9195.426231346097,0,98.mat
0.07007310014074762,0.014600122896634614,0.06853521558103111,-0.009837005006756439,-0.19093454018880313,3.087263920272241,1066.40625,1082.011882364429,10744.55386831685,0,98.mat
0.06394379000767816,0.012019118689903846,0.06280405294615983,0.09325120547201227,-0.15501884255011447,3.344042778901487,1066.40625,1081.847308478316,8877.80514376177,0,98.mat
0.06684165225327722,0.009974524939903846,0.0660932320905195,-0.11091006172963125,-0.1881683839424809,3.236517149911522,1066.40625,1074.476362324871,9578.316739319796,0,98.mat
0.06631292641396232,0.009098401442307693,0.06568579222920427,-0.20882877745851047,-0.12375682154323546,2.957167963215881,1066.40625,1065.1948621832971,9395.629143014683,0,98.mat
0.06794995466064213,0.009160435997596153,0.06732965728946841,-0.08851970339919779,-0.10606479407689587,3.506091658494682,87.890625,1082.568435227888,9858.941338891818,0,98.mat
0.06133373901476002,0.009178873197115384,0.06064301961777606,-0.22567032416531552,-0.06752112099365862,3.4795455468674477,1066.40625,1090.995625326666,8065.812410425433,0,98.mat
0.06649033230173146,0.008675670072115385,0.06592190105264316,0.014446801272264942,-0.22031489640091417,3.4355948939647205,1066.40625,1076.5360325108923,9429.28065489432,0,98.mat
0.06425042048572056,0.005490516526442307,0.06401539471771431,-0.2078285019175823,-0.15280399086911428,3.1657380366126153,87.890625,1119.362325349114,8720.507379300296,0,98.mat
0.06520078018598924,0.007203749999999999,0.06480160277955466,-0.2529878359769566,-0.17121354521406,3.090798315044794,1066.40625,1095.7914869055444,9024.119053132208,0,98.mat
0.06352588765228928,0.00792422686298077,0.06302971545735625,0.13228810157785142,-0.11440915868966496,3.57292982199453,2103.515625,1107.7241865012434,8594.823573613065,0,98.mat
0.06579292315151385,0.007980149639423076,0.06530716613476213,0.06701053476662677,-0.22577267590842826,3.4371337537671574,1066.40625,1084.5345063897323,9211.512378817477,0,98.mat
0.0692065593305462,0.00888530408653846,0.06863380526870234,0.12136980043666767,-0.15062024261198764,3.2766391693284795,87.890625,1077.0949848763812,10209.976606933817,0,98.mat
0.06727337925235959,0.010761009014423076,0.06640713998527048,-0.20096313354227835,-0.12924038698749246,3.3397871747744667,1066.40625,1111.651900807447,9733.942341247377,0,98.mat
0.06375381011708015,0.008922076622596153,0.06312641961322718,-0.10662338996416532,-0.1383187308456091,3.1347701116924482,1066.40625,1072.5992031843116,8690.916061808883,0,98.mat
0.06703585205643009,0.012528942908653844,0.06585462057079422,-0.0914410457424717,-0.06906815938055444,3.432532923383611,87.890625,1092.7286846670802,9753.390024442557,0,98.mat
0.06594535803650527,0.011793288461538461,0.06488226717544489,-0.24098024372374072,-0.13296079436738498,2.9799776384398036,87.890625,1072.2134897436592,9411.74905272545,0,98.mat
0.06635721362979913,0.010231728966346155,0.06556364482752641,-0.2517260482618724,-0.07008385894147003,3.1941249364643096,1066.40625,1076.0525695064327,9453.89350235901,0,98.mat
0.06617823536140671,0.01036567878605769,0.06536139180627976,-0.3341096952268994,-0.17831451182541452,3.004166860188028,1066.40625,1058.272557247811,9409.933827652592,0,98.mat
0.06520965175439135,0.009972996995192307,0.06444251712078664,0.027243930422263585,-0.16279214816036433,3.656627174049079,1066.40625,1074.5075097192762,9126.300719833167,0,98.mat
0.06716275798666664,0.009664657752403846,0.06646375291017244,-0.11203414867924844,-0.22545175831689815,3.019145727851277,1037.109375,1185.5970121242678,9655.787680005804,0,98.mat
0.06155555890803814,0.009916666766826922,0.060751514818287985,-0.0171395581022864,-0.22229757590385354,3.4026146438984806,1066.40625,1143.5646554234672,8152.5242583819145,0,98.mat
0.06545562791199933,0.010300282752403845,0.06464010674940626,-0.12129328807092232,-0.1142167793172235,3.257243569087179,1066.40625,1068.3826211262442,9207.618852073449,0,98.mat
0.06458602186294068,0.011407635216346154,0.06357059130487171,-0.028227008297637912,-0.18685874906609104,2.9877862918811555,1037.109375,1116.514574459149,9020.87396027253,0,98.mat
0.07029082275987769,0.012301075420673078,0.06920609299588767,-0.004125459202883874,-0.16417525206793096,3.0391186994056683,1037.109375,1040.7333137861344,10678.941613010813,0,98.mat
0.06325955068744718,0.010544753906249999,0.06237450535462646,-0.2444344400637979,-0.16831723404976115,2.7800192590629056,1066.40625,1134.9405296778752,8625.505900170512,0,98.mat
0.07074947893560996,0.011951277944711538,0.06973274499938009,-0.17279261211534003,-0.14199309927348133,3.2641545103026104,87.890625,1071.1052841468197,10796.813377723434,0,98.mat
0.06718809655547738,0.01172218810096154,0.06615761955265491,-0.052085607689329017,-0.1793034708366424,3.312976952707986,1066.40625,1071.2681431878932,9755.217107687076,0,98.mat
0.06543252383402264,0.010177130408653846,0.06463622198067577,-0.12396557796414953,-0.19645610264047358,2.993768766290354,1066.40625,1163.731737505624,9195.9849820027,0,98.mat
0.06512161116582309,0.01116550691105769,0.06415727313603485,0.013543803913868224,-0.29365273903434647,3.354037220242154,1066.40625,1107.6661077203087,9155.100466220298,0,98.mat
0.07208402918366791,0.01132726532451923,0.07118848448744944,-0.10914248045861408,-0.15953608202113978,3.1082186389171316,87.890625,1144.9169082618278,11166.09961986185,0,98.mat
0.06106665891317645,0.010504416165865385,0.06015641338903557,-0.04043893664531417,-0.28660439879801486,3.1873064174492844,1066.40625,1126.5875437236868,8051.97229703901,0,98.mat
0.0689379849957471,0.011269203425480769,0.06801066702679062,0.03313484749007811,-0.051854734042142275,3.5224166721334855,1066.40625,1077.1181492978776,10232.926062700604,0,98.mat
0.06750348730545377,0.011019740985576922,0.0665979437145649,0.06814404754509695,-0.15655016545471495,3.2418701195583717,87.890625,1100.2598243869547,9810.800714237606,0,98.mat
0.06506068290882934,0.011257896634615384,0.0640792651637607,-0.2720671280031821,-0.15748611982421687,2.8954459726724977,87.890625,1080.8371572676808,9142.81238006064,0,98.mat
0.06289240726354983,0.011460196514423076,0.061839459791099574,-0.032673883450475394,-0.12924186681296934,2.9985862506745966,1066.40625,1103.287173854151,8570.621310283048,0,98.mat
0.0672020868080638,0.009808284555288461,0.06648246404459625,0.012912686822535768,-0.2530610197507625,3.2874528575083315,1037.109375,1062.7195798501775,9672.742087842704,0,98.mat
0.06530829896701106,0.011686943509615385,0.064254099210615,0.01946405504969695,-0.3062424680848822,3.4434733130774267,87.890625,1089.5575839962594,9231.156747838066,0,98.mat
0.06669933021077785,0.013616533954326921,0.06529464490781035,-0.4315380312153203,0.021019421602128358,3.071399773354914,1066.40625,1086.8322621661569,9718.643121952193,0,98.mat
0.06329035600587361,0.012749374399038463,0.0619929239170356,-0.21741763891942956,-0.21626227156961075,3.03906308565454,1066.40625,1104.0126343585064,8741.381535431632,0,98.mat
0.0665059447543054,0.01419684735576923,0.06497299602773224,-0.026103259304821158,-0.16658081833970595,3.632406340171214,1066.40625,1077.824440802481,9698.469868918255,0,98.mat
0.06776372362634354,0.014573944110576921,0.06617796002272397,-0.305059667186248,-0.15283486148523423,3.041627422018951,87.890625,1095.6932974575527,10075.392676123549,0,98.mat
0.06736133801431754,0.01309244891826923,0.06607675567400122,0.1712900668113515,-0.28007934440452914,3.3230383227353646,87.890625,1100.4395944455964,9875.408946486368,0,98.mat
0.06430691068645059,0.01395583954326923,0.0627743044937788,0.3192129651708355,-0.08047994064611165,3.6203693622592747,1066.40625,1073.4529673898976,9080.970605722652,0,98.mat
0.0678118298046859,0.014051998197115384,0.06633992469190748,0.14476825025367646,-0.1469449026559471,3.414788799978312,87.890625,1047.7819841098085,10057.737386427196,0,98.mat
0.06901084902200777,0.012356488882211539,0.06789561447724096,-0.06514396782341914,-0.1484135161459384,3.301046186627139,1037.109375,1120.2621877984793,10307.87617301352,0,98.mat
0.06511746699147698,0.014849585336538462,0.06340169021973276,0.0772327566185802,-0.3339388270361203,3.3958984879011185,1066.40625,1096.48855478767,9354.964495318933,0,98.mat
0.06531204694177394,0.015013177283653846,0.06356310237530939,-0.0020933487956442676,-0.09861123306659322,3.3634223743720484,1066.40625,1115.8898062662722,9418.431779998627,0,98.mat
0.07146606919682809,0.015585137920673077,0.0697459857084221,-0.0583084520249888,-0.1691338656064467,3.117580598362047,1066.40625,1056.9023115420923,11220.382671249028,0,98.mat
0.06820760528449811,0.01703261087740384,0.06604670760412543,0.049696619601911074,-0.2793235019754819,3.5601353643696463,1037.109375,1074.4388463456694,10364.936970192091,0,98.mat
0.06326740855748038,0.01477542908653846,0.061517897240460154,-0.07837458442527412,-0.2243359735226382,3.3797933897750436,1066.40625,1104.5886898783788,8852.242465250565,0,98.mat
0.06372270578406194,0.014630070612980769,0.062020514882587995,0.014049412918210713,-0.16439917994490932,3.178859654013676,87.890625,1097.583435600249,8964.53249298082,0,98.mat
0.06926488339807314,0.015370105168269229,0.06753801847304236,-0.15401970531758913,-0.12462033400462816,3.2407497541878243,1066.40625,1050.4551625049698,10556.778301665781,0,98.mat
0.06654080565166012,0.012713620492788461,0.06531494982572791,-0.012108440072328364,-0.2132986846294505,3.664989959575283,1066.40625,1080.40499458632,9624.4910230902,0,98.mat
0.0636692675429432,0.014725719951923077,0.06194294795497237,0.3905031443167153,-0.3496713019600304,3.551777578885326,1066.40625,1105.2486476630854,8956.143625943683,0,98.mat
0.06687521234543514,0.014360846754807692,0.06531508330188342,-0.15498403152851914,-0.04986729820128269,3.1225919541211624,87.890625,1116.2918839223103,9811.580686899839,0,98.mat
0.06504418106664962,0.013756901141826922,0.06357273913876216,-0.3104921086463528,-0.18774574649208903,2.851278529174505,87.890625,1106.116740291422,9269.406999382234,0,98.mat
0.06747792579521154,0.013692523737980768,0.06607408919772491,-0.03215106402241341,-0.13055670054715193,3.332754852274125,1066.40625,1052.2494303609074,9942.085241018638,0,98.mat
0.06736315633349434,0.014929649639423077,0.0656879014191721,-0.18729009660443197,-0.14871970081182184,3.502567469254463,1037.109375,1066.514045237329,9983.888959597683,0,98.mat
0.07022669482361601,0.014351373497596154,0.06874464884325028,-0.04079215364228306,-0.14636168109481115,3.4726308169265416,87.890625,1026.477415185402,10774.643022557535,0,98.mat
0.06349733245734789,0.015209365384615384,0.06164889645237964,-0.30694815863708147,-0.0844408346278661,3.137575778344965,1066.40625,1099.6725473121016,8940.652595453672,0,98.mat
0.065305495735646,0.014521993990384615,0.06367039707604868,-0.12047111516288789,-0.12417307934245295,3.1305646579983746,1066.40625,1106.0423282893098,9386.21408572834,0,98.mat
0.06723686204969667,0.014369403245192307,0.06568345201545818,-0.157879118934261,-0.26595654286613113,2.9630724313165815,1066.40625,1084.6633180011747,9913.81446281327,0,98.mat
0.06717089873889925,0.015761157151442304,0.06529560140345593,-0.1304127631247325,-0.21879785245495123,3.1523266676494863,87.890625,1091.4409320152413,9983.163940030592,0,98.mat
0.07062107854039065,0.015098436598557693,0.06898821599727999,-0.08842285084643597,-0.1814397113847493,3.2139630709792173,1066.40625,1043.5812083814967,10937.27557387939,0,98.mat
0.06626640128797985,0.016181036358173077,0.06426048554154458,0.0027227453625093823,-0.3454888963554416,3.6235000396175536,1066.40625,1158.136284279787,9758.174054556534,0,98.mat
0.06949232498459662,0.016593887019230768,0.06748204313265713,0.07384223710296922,-0.17531220650473822,3.404258617139133,1066.40625,1030.9994125997323,10704.996887199126,0,98.mat
0.06411185985506171,0.014099670072115385,0.06254222476001767,-0.30729271663870117,-0.13233436557834993,3.406862758093316,1066.40625,1070.103899870501,9036.903249065466,0,98.mat
0.06910320130051081,0.014084798076923076,0.06765257491855889,-0.03538949882450648,-0.3088794648030128,3.1185196669911632,1066.40625,1077.1185872309486,10430.465461215965,0,98.mat
0.06991880972159903,0.015295847055288463,0.06822519340937329,-0.12086382224693848,-0.14574458483022398,3.3775262525909975,1066.40625,1085.7923476097008,10742.874275896858,0,98.mat
0.06429540291037424,0.01438906280048077,0.062664612877853,-0.2674014104988127,-0.03343547805082686,2.968844867325303,87.890625,1082.355325890313,9103.619249502288,0,98.mat
0.06533957717779565,0.01506278455528846,0.06357965765253913,-0.13983007257410218,-0.16676208135774376,3.0459192654633456,1066.40625,1070.9284352823263,9429.10505112372,0,98.mat
0.06691364550478623,0.01417168719951923,0.06539571267796676,-0.097391643643852,-0.21096359009123355,3.3452714465586313,1066.40625,1050.0437673515407,9811.048889719379,0,98.mat
0.06551718398067896,0.014627116586538461,0.0638635174189611,-0.007245345667738157,-0.0910122111425466,3.2318943293878277,1066.40625,1107.7221672709006,9450.718739301716,0,98.mat
0.06617430941104177,0.01627087950721154,0.06414279153646257,-0.12053434147054576,-0.09322046045301007,3.2502411200467036,87.890625,1098.4969905552737,9738.712751397716,0,98.mat
0.06471040494984075,0.015806791766826922,0.0627501541258071,0.05876897600529274,-0.27187951969962454,3.3592315012976246,1066.40625,1112.2398262459385,9305.673092886595,0,98.mat
0.06631624526399117,0.014956134014423077,0.06460772741132789,-0.3045718427378761,-0.12766857875610785,3.1300370952246395,1066.40625,1087.9036331347436,9692.051032596717,0,98.mat
0.06467807600820792,0.01609170252403846,0.06264431838563952,-0.20252576332647187,-0.19870199974978095,3.173834955070214,87.890625,1092.1146493268725,9315.961077663871,0,98.mat
0.06357142988307628,0.014202653545673075,0.0619645973894809,-0.2524765416099015,-0.10743617583425513,3.399727501159676,1066.40625,1124.9838766750397,8898.302459109982,0,98.mat
0.06378470038909421,0.014493166766826923,0.06211631122978456,0.03645791358796613,-0.21072741355028488,3.1430638286679513,1066.40625,1054.964718216861,8972.748480361939,0,98.mat
0.0681652391866374,0.016244598858173077,0.06620130543507831,0.06728807962395811,-0.1512035811441174,3.4062658012713265,0.0,1036.3422389524344,10297.827422717333,0,98.mat
0.06812221116195191,0.015212828725961539,0.0664018485868287,-0.13716875808874018,-0.06671738487339755,3.019496368691791,1066.40625,1068.6304069692117,10217.46229729264,0,98.mat
0.06430273994836926,0.01602976983173077,0.06227269742037306,-0.34653431744432917,-0.09513175394701268,2.9165978140249833,1066.40625,1113.601033607238,9210.260546371856,0,98.mat
0.06126528063265947,0.016048716346153846,0.059125910687609834,-0.24788139424961564,-0.20195090297807078,2.976071345319999,0.0,1215.073573275272,8411.659724490493,0,98.mat
0.06690931410085127,0.01476890985576923,0.06525898876874003,-0.23790142916030543,-0.23168849225235505,3.4016098905501844,87.890625,1106.9895337735895,9846.07981603673,0,98.mat
0.06861328733661323,0.014629051983173076,0.06703561767605538,0.2544256052065248,-0.1169714501132736,3.7671196290362716,1066.40625,1120.9018242207046,10321.742148994268,0,98.mat
0.06898994265567497,0.014901841045673075,0.06736131917564274,-0.050636306226473415,-0.3361995483897083,3.060138349214921,1066.40625,1122.8590247556185,10447.330321782776,0,98.mat
0.06571142629759287,0.013707497596153846,0.06426582338782735,-0.07658035181717526,-0.22682653454088067,3.1588464805535876,1066.40625,1090.7697743362758,9449.52980964473,0,98.mat
0.06787333866535593,0.014743036658653846,0.06625279595355722,-0.14532075818381074,-0.18000363717777562,2.9783168423316226,87.890625,1074.386253823121,10116.969701489032,0,98.mat
0.06546368393645152,0.013245548978365385,0.06410966656279958,-0.25324046783834087,-0.10252676746313079,3.1006927356519305,1066.40625,1105.559726353626,9355.265984222058,0,98.mat
0.06258810782923727,0.013522718149038462,0.06110979737739192,-0.2035670942103196,-0.21968485755756767,3.2398192065399103,2103.515625,1116.2527963753178,8598.606616738425,0,98.mat
0.07235255025455704,0.014601956430288464,0.07086377351472443,0.21467540518746464,-0.23435320156368294,3.6041470528926727,1037.109375,1043.8207236773574,11425.511621419939,0,98.mat
0.06795855505235793,0.009380358173076923,0.06730805364404138,-0.2998606024093826,-0.15959733249650412,2.907047818756038,1066.40625,1051.6748066962223,9869.94440962271,0,98.mat
0.06559163777075183,0.009638580829326924,0.06487958619663083,-0.1282287129942743,-0.1064585561645232,3.285475094567412,1066.40625,1082.4979859395844,9217.327977516106,0,98.mat
0.06725053739037064,0.01132471875,0.06629016159677872,-0.13718234990221667,-0.222279254120961,3.1423895304908567,1066.40625,1049.313450119631,9753.610703662023,0,98.mat
0.0657963011740704,0.009553117788461539,0.0650990874644857,-0.11003954768280222,-0.15688388046487078,2.783808579265406,1066.40625,1070.8054125745653,9270.282684150281,0,98.mat
0.06190403142643344,0.011614518930288462,0.06080470423300183,-0.15088099482261796,-0.235313542476524,3.6126191970786308,1066.40625,1116.2950390484557,8319.414855567233,0,98.mat
0.06356776999454898,0.010469477163461537,0.06269969242351703,-0.12041739620961645,-0.2293992865539549,3.416332135030659,1066.40625,1092.6787271930903,8704.168880218645,0,98.mat
0.06386004717282548,0.010140154146634614,0.06304984455807948,-0.22356138253843927,-0.13103613811574966,3.253691976058242,1066.40625,1089.3584374520724,8768.042130824506,0,98.mat
0.06617626181854647,0.01213096424278846,0.06505487940821195,-0.22009500604865861,-0.11827574036565275,2.9821895106024976,1066.40625,1074.986931397472,9492.669943482848,0,98.mat
0.06155833113154396,0.011681646634615385,0.06043978212737693,-0.15024479635604404,-0.1953160603011179,3.0669597373178137,1066.40625,1178.2977850714362,8233.18362665372,0,98.mat
0.06483541764301481,0.011672071514423076,0.06377612505872671,0.03546654306162145,-0.24311282573545037,3.3237958532825096,1066.40625,1179.171577497063,9101.359740637678,0,98.mat
0.06563442846983121,0.011944249399038463,0.06453846222877456,-0.007500589187996898,-0.15965575840651672,3.4613260013466545,87.890625,1110.1765466317097,9333.464432321663,0,98.mat
0.06499169549828977,0.010714253906249999,0.06410245897759949,-0.0982098102907547,-0.25009233579858614,3.00765526866058,1066.40625,1087.7874617449359,9098.945418296658,0,98.mat
0.06498257213225712,0.010769056189903845,0.06408402382577653,-0.11649395325143663,-0.212660072296343,3.2970070738958643,1066.40625,1099.9471453680337,9098.928475290986,0,98.mat
0.06988259995403708,0.013135944411057691,0.06863690509314639,-0.29248273145012904,-0.06135272013255739,3.1434434343381876,1066.40625,1071.761691918151,10603.473429494778,0,98.mat
0.06827929985577301,0.012571419771634614,0.06711201229079573,-0.06855016892532895,-0.15487149018021817,3.1653156801265157,87.890625,1072.628296867875,10108.488124120688,0,98.mat
0.06797656301884653,0.012607682992788461,0.0667971515066965,0.026623253727654284,-0.32720751470647313,3.2960319428742566,1066.40625,1093.1072123041404,10023.8964965771,0,98.mat
0.06439545908837278,0.01220909314903846,0.06322747184318217,0.22944704521969328,-0.3520169238919843,3.8389233382120067,1066.40625,1119.6956016457511,9009.023144682642,0,98.mat
0.0667983043425459,0.012398252704326922,0.06563761720933382,-0.11731763161732722,-0.0527999195536565,3.2948325999504324,1066.40625,1080.6420095553704,9679.88740236035,0,98.mat
0.06941827672529087,0.014814646334134617,0.0678190489280377,0.06647090322792426,-0.28428053199622016,3.5551444323031904,87.890625,1159.8489018943746,10566.22273929866,0,98.mat
0.06288725469651854,0.0164971171875,0.06068485748328561,-0.13902536856973713,-0.15250891614238188,3.363734051054238,1066.40625,1177.02807316525,8864.576413185294,0,98.mat
0.06431272137795493,0.016260795072115385,0.0622230879550439,-0.2509449842576519,-0.23624898757241058,3.0718458960825172,1066.40625,1099.9050206186544,9228.600051363439,0,98.mat
0.07670982898300507,0.01644526893028846,0.07492630374182603,0.6300321582251254,-0.2269467115695228,4.508995943256994,87.890625,1080.8104474768513,12907.641715658876,0,98.mat
0.06792002046887514,0.01560714032451923,0.06610254421263363,-0.23722573759553667,-0.20718996473322235,2.8902682238300574,87.890625,1091.6828442261315,10185.262163234034,0,98.mat
0.06692477927835645,0.008001948317307692,0.06644467551718397,-0.1802250438010553,-0.27795490371864806,3.051701682705604,1066.40625,1096.7217493155858,9527.271461447966,0,99.mat
0.06371422885072042,0.009595798377403847,0.06298748773798006,-0.016090303029067776,-0.2723655206919202,3.2087507078219195,1066.40625,1114.370908555447,8706.49784821694,0,99.mat
0.06397243375023971,0.010815709435096153,0.0630515083827848,-0.19360704610542712,-0.21051940062189,3.3034132395282323,1037.109375,1114.255581665891,8827.86036666353,0,99.mat
0.06527952490075085,0.011418228966346155,0.06427317028542971,0.10603251343755993,-0.09658415800491012,3.077482804754675,87.890625,1102.786200198259,9210.254445946293,0,99.mat
0.064786862267186,0.012309428185096154,0.06360672527479536,-0.0319156230354074,-0.2256579808598046,3.516268453633428,1066.40625,1094.221321009343,9120.218794608423,0,99.mat
0.06704966696077092,0.012865090745192306,0.06580385459582336,-0.11845655040875158,-0.03629712395458218,3.1673604234710693,1066.40625,1172.206011875065,9775.171411697724,0,99.mat
0.06288576297845333,0.011462743088942306,0.06183223031930125,0.1369804643898771,-0.3061033110442138,3.363813842450778,87.890625,1121.2159140498138,8568.990646432176,0,99.mat
0.06745257118787129,0.01028520703125,0.0666638123435734,-0.15333195881530326,-0.09873736079267638,3.1206063663703896,87.890625,1093.3770430769391,9763.57291751496,0,99.mat
0.06641343135548951,0.010673916165865384,0.06555006771998328,-0.3511541452135454,-0.15696386400518983,2.783070035635993,1066.40625,1029.4245576340638,9488.933997153865,0,99.mat
0.06798860136337563,0.010303440504807693,0.06720334090736778,-0.1044764264022926,-0.23882457457064077,3.2862431708064745,1066.40625,1081.8188761250997,9916.615097016313,0,99.mat
0.06386862053813548,0.010922258112980768,0.06292777580018037,-0.342558362839092,-0.17654173803011045,3.0834065526644006,87.890625,1095.7642441490166,8804.884525361545,0,99.mat
0.06606592031868143,0.009681668870192306,0.06535266724046014,-0.11559852728922637,-0.20080351833917562,3.34714640506988,1066.40625,1077.9637119834779,9350.027491509034,0,99.mat
0.06542608261775602,0.008941634314903846,0.0648121860646898,0.06514741125001366,-0.2747383720812261,3.644530974114477,1066.40625,1087.5220614255104,9144.683947834334,0,99.mat
0.06842705623187977,0.010156655949519231,0.0676690798258993,-0.15625741246617375,-0.12245359472291058,3.2590887060540705,1066.40625,1064.258187866854,10035.751966323327,0,99.mat
0.06609400640265008,0.009349595552884615,0.06542937219132575,-0.3665883872646658,-0.13626775407191077,2.878585232224662,1066.40625,1166.243604142074,9344.553960897996,0,99.mat
0.0647607845113886,0.010005898737980768,0.0639831321597793,-0.18085392152028312,-0.17428294660831375,3.118240364617262,1066.40625,1188.343413437014,9005.32843661074,0,99.mat
0.06368457005164521,0.010353455228365385,0.06283733307116988,0.2395101691070396,-0.3781558857324531,3.947291129667355,1037.109375,1101.8389635382732,8730.272761621596,0,99.mat
0.0637621958040142,0.00928939453125,0.06308188934228451,0.06938038428936899,-0.08436063852218438,3.562960010731805,87.890625,1088.6341012632836,8707.187268636504,0,99.mat
0.06965850913913574,0.009923084134615383,0.06894809857236384,-0.13564234599425795,-0.06332545557551426,3.2613697400899118,1037.109375,1096.9869838946368,10382.52732539445,0,99.mat
0.06508264103568569,0.010555347656249998,0.06422098410983451,-0.0755585503770444,-0.21661850125966067,3.5676014276926895,1066.40625,1092.8471014741053,9116.666841821605,0,99.mat
0.06519116094952969,0.01118027704326923,0.0642252977508336,-0.1469816595526039,-0.16319475711497716,2.9152512797210193,87.890625,1060.4666370163213,9174.80100594918,0,99.mat
0.06747514750900142,0.011554623497596153,0.06647846423609904,-0.11694262266747035,-0.3079490453783116,3.4441945966925944,87.890625,1104.6971084841794,9828.102858082137,0,99.mat
0.06814934565547369,0.012612878004807693,0.06697199878833741,-0.23767067820591947,-0.2656245980920476,3.1131897762661134,1037.109375,1091.0449487693236,10073.496315660524,0,99.mat
0.06466414056831923,0.012293231971153847,0.06348486058221085,-0.14989233005286096,-0.19497202092710925,3.1583882464606927,1066.40625,1078.5914406491713,9086.067420018846,0,99.mat
0.06789792976876982,0.014874134314903845,0.0662486905173755,-0.18979631257588325,-0.2817252212438453,2.949585796103099,87.890625,1034.5653360228455,10132.114601177063,0,99.mat
0.06417617408057298,0.013441125901442308,0.06275282825595659,-0.07860181004788958,-0.16826483559386193,3.2214112030780684,87.890625,1069.8379175282832,9016.170637395237,0,99.mat
0.06399414399266194,0.011004868990384616,0.0630408068147769,-0.09011607965365176,-0.06834671668255843,3.194715393747902,1066.40625,1061.923185175346,8842.3424640401,0,99.mat
0.06486122524336012,0.011655569711538461,0.06380537778878331,-0.03682557342964676,-0.1394996607204176,3.171305636904019,1066.40625,1079.805024725942,9107.575734218792,0,99.mat
0.06660607644873262,0.009385553185096155,0.06594149536751609,-0.042792113020504896,-0.2589625085106275,3.326266164800556,87.890625,1079.0866414080879,9488.475944819902,0,99.mat
0.06302548573566955,0.008546915264423078,0.06244327098799243,-0.4045369124451321,-0.09861901075912008,2.8433039950883874,87.890625,1126.6946214059653,8483.526523293893,0,99.mat
0.0623443725541902,0.0122278359375,0.06113346724553785,-0.2777185042772272,-0.1638866618632805,3.2089849596650972,1066.40625,1069.6523769118203,8464.820086848287,0,99.mat
0.06731352942984568,0.008400945612980769,0.06678723947814012,-0.25381348815275917,-0.218090503345634,3.0309782874553077,1037.109375,1060.352679421775,9650.43719099279,0,99.mat
0.06736976814723694,0.007693812800480769,0.0669289989825309,-0.16794630025010093,-0.21552427486935863,3.0563172514618397,87.890625,1107.1559852463372,9642.452803225684,0,99.mat
0.0676958754724654,0.008768874699519232,0.06712554202751493,0.16549189877799453,-0.3334949044188949,3.9753359311130474,1066.40625,1086.9683843621217,9771.940330920293,0,99.mat
0.06532460803558891,0.009146073317307692,0.06468117004103868,-0.03426919978716514,-0.3093922375737391,3.682127542663487,1066.40625,1102.8245540651485,9124.6125917613,0,99.mat
0.06702024731548333,0.010450123197115385,0.06620051718373249,-0.20067970030215987,-0.08762705951459424,3.059805525807827,1037.109375,1061.141786831315,9648.825654261314,0,99.mat
0.06977410505150557,0.011022389423076923,0.06889798739545719,0.20470561765300888,-0.2251223938569207,3.5041256435858084,87.890625,1049.0445075445682,10464.618200256456,0,99.mat
0.06471743488380638,0.010223376201923077,0.06390484298528298,-0.40954152140081845,-0.17604157220164462,2.8850149819131357,1066.40625,1137.5597359530257,9002.786627239095,0,99.mat
0.06552876062241017,0.011211141526442307,0.06456259578411648,-0.00612955071720922,-0.12484390714627988,3.836201632288594,1066.40625,1108.937325286898,9268.79893439188,0,99.mat
0.06750331196090728,0.010026984375,0.0667544508631078,-0.26170144059618394,-0.10524199389320481,3.158436480870671,87.890625,1081.4480532688992,9766.9335982374,0,99.mat
0.06711212655859797,0.010203512920673076,0.06633193691801052,-0.09696719769759898,-0.06739000240433594,3.1954972429217503,1066.40625,1080.0033483046686,9663.988986048296,0,99.mat
0.06620822686871547,0.010352844050480769,0.06539379118208181,0.11204243659176161,-0.208952879269675,3.673947332011638,1066.40625,1090.1657821139097,9417.702371749509,0,99.mat
0.06286330926751207,0.008581344951923076,0.06227484380453294,-0.29613453251790256,-0.11921465222856654,2.887143338939395,1066.40625,1111.909175136166,8441.949027211993,0,99.mat
0.06326151226525713,0.009410917067307692,0.06255760204834848,-0.2962318597572673,-0.15258809188722638,3.3042620686672226,2103.515625,1098.329600116585,8578.576970161137,0,99.mat
0.06592822605419973,0.010154822415865385,0.06514146584439054,-0.08453056533625691,-0.24937951753290544,3.044037615012028,1066.40625,1099.9255671569404,9331.595053710062,0,99.mat
0.06683581406444444,0.009658342247596152,0.06613427603508855,-0.07363665169040123,-0.16543950531581914,3.2274359295499475,1066.40625,1056.4067903673435,9563.662372007719,0,99.mat
0.06646388908837665,0.010297838040865384,0.06566127537929901,-0.19417958374889777,-0.19817043274361246,3.0477533174772273,1066.40625,1090.361494473311,9486.45389698095,0,99.mat
0.0700868929002219,0.011152162860576922,0.06919394352064596,-0.3143182380194176,-0.20715551388271367,2.9884310387682063,87.890625,1055.0934075894695,10562.39679369694,0,99.mat
0.06657505811261065,0.009443716947115384,0.06590185561059908,-0.035809019649024165,-0.00484263843059108,3.6286354414590583,1066.40625,1086.0373134200765,9482.10915338772,0,99.mat
0.06341729680899735,0.011460502103365385,0.06237315469093433,0.1515223743828953,-0.30086995934066896,3.49351911244041,87.890625,1085.175216146627,8709.67490131656,0,99.mat
0.06365289155892102,0.011554725360576923,0.06259535865903638,-0.17996697635019254,-0.06590275006904689,2.95620626674743,1066.40625,1102.5438510496226,8777.004921637154,0,99.mat
0.06785277895783116,0.012013923677884616,0.06678072513953602,-0.2971400681334342,-0.172281510235457,3.0284117614970265,1066.40625,1055.7731761410876,9957.978052776323,0,99.mat
0.06674115887430877,0.013694051682692308,0.06532116989458683,-0.17822571594452752,-0.10056510597917247,3.441437672577681,1066.40625,1057.5140379920483,9734.78932249781,0,99.mat
0.06587299898148355,0.014212024939903846,0.0643216164436349,-0.15093110283688205,-0.12363928695459314,3.334780614159502,87.890625,1079.3154478643828,9523.656995902144,0,99.mat
0.06941028658532317,0.012135446213942308,0.0683411942319214,-0.21884383319447664,-0.17873707564296468,2.9664678644177065,87.890625,1100.8083136193502,10412.47732157047,0,99.mat
0.06327503238026772,0.013099273737980768,0.06190427085639063,-0.08226956961228371,-0.18258605649394927,3.3002590776250895,1066.40625,1089.28949057869,8756.281915697868,0,99.mat
0.06572308674012475,0.01216437530048077,0.06458755378708049,-0.1140497348674896,-0.23636566153850744,3.485224198513618,1066.40625,1093.4288903129345,9369.018055882372,0,99.mat
0.06783565645796892,0.01155920733173077,0.0668435562559746,-0.2505682724688838,-0.23079854399303104,2.8938627142896314,87.890625,1123.585372869386,9930.624462199983,0,99.mat
0.06626180100068571,0.01153669561298077,0.06524975805463117,-0.23324446096064877,-0.04307056514906011,2.972043018795778,87.890625,1059.8517819219617,9486.931837605733,0,99.mat
0.06398773133939109,0.009590705228365385,0.06326490445092522,0.09151180668366932,-0.2636460311725927,3.527580075571314,1066.40625,1110.6824412482504,8779.539097273251,0,99.mat
0.06786456903255135,0.012424533353365384,0.06671754417636368,-0.19306126747686037,-0.16072206242496942,3.052477601732277,1066.40625,1090.872965527648,9982.377684331286,0,99.mat
0.06934405577546174,0.012276424579326923,0.06824871772376713,0.0504840673041933,-0.24011615537231407,3.402512260949867,87.890625,1058.7170758997827,10400.424043173065,0,99.mat
0.06461875646345654,0.011307198317307691,0.06362178049297725,-0.16168463178469406,-0.07184646126789837,3.2671437951635913,1066.40625,1079.1773367474598,9024.96028777776,0,99.mat
0.06346470266534252,0.011673192007211538,0.06238192905612254,-0.2020282311256385,-0.08583110661062357,3.1687729134994034,1066.40625,1110.2289468302681,8732.607152433162,0,99.mat
0.07311442822879208,0.012155615084134614,0.07209688368542393,-0.07675117686772204,-0.1125532164350649,3.492405493074446,87.890625,1116.2486431723087,11520.654458047282,0,99.mat
0.06367649685100298,0.011413033954326923,0.06264534226239946,-0.1297654388966354,-0.11115538103883765,3.0992621077747833,87.890625,1118.1057958776871,8776.482431289678,0,99.mat
0.06418196548555188,0.013049768329326923,0.06284129406798898,-0.13751484769934663,-0.15154824268813094,3.2763768778574587,2103.515625,1099.50933652404,8995.9864856399,0,99.mat
0.06205955647285463,0.011288557391826923,0.06102423306866595,-0.18425993408414953,-0.2643535283905541,3.354812146252148,1037.109375,1107.8522726721633,8344.190417546039,0,99.mat
0.06686438892378556,0.011150125600961538,0.06592815184148604,-0.3614728864169745,-0.1081244583994758,2.8516593751540773,87.890625,1102.8267901814143,9636.773569279734,0,99.mat
0.065163480940632,0.012432478665865384,0.06396649687549656,-0.228867510030764,-0.17704759044087917,2.8812740425101233,87.890625,1108.8150239142883,9229.241952751907,0,99.mat
0.06577523988231578,0.010620234374999999,0.06491219302562694,0.12218737733547291,-0.2009267642883329,3.5332070073380377,1066.40625,1083.1300597041395,9309.61667894622,0,99.mat
0.06113959061748235,0.010295393329326923,0.060266528165041876,-0.2317306935050425,-0.21252878502878217,2.97877739987933,1066.40625,1108.8637154381456,8061.54592996442,0,99.mat
0.06721490771290603,0.010622373497596153,0.06637024182668044,-0.2425723544868359,-0.14796811137867502,3.4575296815726415,87.890625,1124.0503836562546,9711.235864542103,0,99.mat
0.06634485396538901,0.009404092247596155,0.06567497770602969,-0.1782583706358576,-0.18265665022209654,3.03121069305758,1066.40625,1084.292486650264,9416.373003136074,0,99.mat
0.06844639082039868,0.009700615384615384,0.0677554903863777,-0.10545962529474195,-0.04396070373432079,3.422752815963779,1066.40625,1086.2255741112808,10022.309294352413,0,99.mat
0.06606301879999414,0.010002027944711538,0.06530146927873515,-0.02870073432830811,-0.008709386701894292,3.5241315558953823,87.890625,1062.8521142582697,9362.447814078243,0,99.mat
0.07056230071361028,0.010461022536057692,0.06978255720090845,0.21707229864268562,-0.2894422121030341,4.363750963025442,1066.40625,1059.60485360888,10671.297658009547,0,99.mat
0.06576913691725338,0.011648133713942308,0.06472943960689403,0.23666381324121266,-0.3084608311585721,3.891963448526377,1066.40625,1139.4252246617302,9355.934055806889,0,99.mat
0.06402747127194724,0.011967474158653846,0.06289909887861656,-0.14542694285004254,-0.21878896083922894,3.0627238221787993,1066.40625,1102.0808917407035,8897.664169999987,0,99.mat
0.06849768861039827,0.01133673858173077,0.06755302882400302,-0.008161508966005648,-0.26727545615424103,3.377551363146885,1066.40625,1095.9644447899548,10109.226339501802,0,99.mat
0.06998962309939666,0.013911732872596155,0.06859308296087242,0.009848467523121851,-0.0439919538410489,3.6751557993885893,1066.40625,1028.910597927694,10678.873415532906,0,99.mat
0.06437615164653648,0.01312310967548077,0.06302438332314855,-0.18586384451004,-0.17319744459403494,2.9683615348258123,1066.40625,1116.0744628096672,9052.365658639552,0,99.mat
0.0705273953006506,0.014896646033653845,0.06893622723098687,-0.21376600937698242,-0.23622040161254243,2.949060256300431,1066.40625,1095.688710106903,10896.84924952208,0,99.mat
0.06961695381783942,0.014473405348557691,0.06809582069768691,-0.17880707401393536,-0.22911620247693834,2.9456750379154615,1066.40625,1111.2079398217847,10603.199678305018,0,99.mat
0.06507367949317393,0.011289881610576924,0.06408683434216018,-0.04581146443030182,-0.17761662873999742,3.5488577343080085,1066.40625,1079.3697745519269,9147.871780844713,0,99.mat
0.06575116187390947,0.010122022536057693,0.06496737602480637,-0.15203069196270658,-0.19371396404711708,3.0744446475328613,1066.40625,1084.15612440061,9281.303679619541,0,99.mat
0.07083558113328367,0.013337123798076922,0.06956867602078384,0.09043224503001612,-0.16173991050162728,3.2366263398180957,87.890625,1046.1876098748608,10895.87567532368,0,99.mat
0.06881225708999739,0.012030832932692307,0.06775238582341984,0.2708841008632574,-0.30977935708359416,4.220071069676148,1066.40625,1077.3734036708329,10233.824083780768,0,99.mat
0.06476659762819466,0.013559185096153845,0.06333135611891402,-0.21412517881176063,-0.2576832863842788,3.246801829848866,1066.40625,1110.0329088041874,9182.51275299251,0,99.mat
0.06533246879569497,0.013820158052884614,0.06385401091813847,-0.1177968364637878,-0.2322905386142085,2.9025596018480817,1037.109375,1110.223678692697,9351.888917641834,0,99.mat
0.0631042143788705,0.01217069080528846,0.061919432795339076,-0.08341379219213518,-0.010338757069374305,3.4149809870677856,87.890625,1136.0788201981377,8661.798153426345,0,99.mat
0.06651100037598609,0.012539740384615385,0.065318206360102,0.6241663832777737,-0.17650960376559527,3.7450462002177676,1066.40625,1058.5738045024718,9606.965768020398,0,99.mat
0.06647049012823479,0.013324798377403845,0.06512123928557637,0.18792387519454534,-0.08239337245412746,3.5150821111515045,1066.40625,1072.7269990199563,9638.251133486707,0,99.mat
0.06687769733169076,0.014715431790865385,0.06523865776974283,-0.07017245494429325,-0.08825311073641678,3.3377115308168204,87.890625,1069.8686936678107,9833.902936282188,0,99.mat
0.06467180231029694,0.015510879807692307,0.06278419085767892,-0.23792224052366473,-0.16186827085689748,2.8967279199328573,87.890625,1084.8592955362737,9275.76476529716,0,99.mat
0.06544480431459412,0.016149560697115383,0.06342092794232598,-0.4261487457130553,-0.16382013062592218,3.082461305153465,1066.40625,1114.936434293717,9529.102653190319,0,99.mat
0.06790649200005076,0.015471968149038461,0.06612041936760608,-0.17433505914020042,-0.16855263264649514,3.382379676767381,1037.109375,1066.5186515951575,10172.59953564694,0,99.mat
0.06959426145621825,0.018453701322115386,0.06710307098151784,-0.1738210948433463,-0.1793656986893877,2.8896812260267475,0.0,1046.5663720346022,10871.426784879925,0,99.mat
0.06606136911858355,0.016106981971153844,0.06406769561645456,-0.16069133439455108,-0.09805149225288927,3.104218483707381,1066.40625,1102.1387327430386,9696.264322189762,0,99.mat
0.06610200809399108,0.01500726923076923,0.06437590655123444,0.23463448015887733,-0.23150020906209118,3.5031171306296045,1066.40625,1096.2707629125612,9635.769992741542,0,99.mat
0.06892392887025374,0.017556797776442305,0.06665033250291334,-0.21896874612264128,-0.0882112670994686,3.2567811720180524,0.0,1068.5280785660461,10608.964845327686,0,99.mat
0.07176023628596088,0.015167194110576923,0.07013905997822482,0.03338056266477407,-0.02044257190513504,3.3780696590390407,1066.40625,1066.2888868151153,11281.786355702603,0,99.mat
0.0662732363499213,0.01502580829326923,0.06454740073330954,-0.050228755023894234,-0.2352591419456204,2.996712656452034,1037.109375,1134.0833961751857,9684.47292862862,0,99.mat
0.0642440003359338,0.016191935697115384,0.06217003134584976,0.011426323543584083,-0.2552076622554197,3.0199288132403264,0.0,1042.6295898558776,9205.386155330789,0,99.mat
0.06569066128317637,0.013445302283653846,0.06429997532131858,-0.1567294123962797,0.021800600048731106,3.1185605943165196,87.890625,1052.4818039131687,9428.877376873785,0,99.mat
0.06853325633316845,0.014605012319711539,0.06695894890728832,-0.2013144809982439,-0.22229247928999077,2.9952981872567035,1037.109375,1060.5952543417013,10297.254547608865,0,99.mat
0.06385497085602686,0.0151940859375,0.06202094046004061,-0.10802526087037068,-0.22290676072382226,3.2670187116011307,1066.40625,1118.4440312832796,9035.196708826988,0,99.mat
0.06647720958652854,0.014521790264423077,0.06487169646253556,-0.0301273438133971,-0.06013765537206359,3.41430604372922,1066.40625,1070.2499197787497,9710.026262966356,0,99.mat
0.06997458550810476,0.016660709134615384,0.06796222030041991,-0.1527509616640681,-0.07080718359673406,3.774328565225826,87.890625,1036.0284128644198,10850.709871445493,0,99.mat
0.06966178726146184,0.01702598978365385,0.06754909530369806,-0.05365734709199632,-0.1619486425240569,3.776302767148952,0.0,1106.1764734570572,10784.914613382234,0,99.mat
0.06619800928522782,0.01784771844951923,0.06374664994706623,0.24885469530446347,-0.24286534850614241,3.371981483259997,0.0,1081.4700715800536,9858.119077042404,0,99.mat
0.06794169285029557,0.018659464543269232,0.06532915130569494,-0.18882970390398945,-0.12267104255182346,3.288512068949794,0.0,1095.144634295462,10410.782220141284,0,99.mat
0.06942587492382778,0.01825934675480769,0.06698170171790706,-0.11642715444001572,-0.18904588356774432,3.1821520801874503,0.0,1039.1800055820834,10807.370470066066,0,99.mat
0.06817965120158821,0.01817755078125,0.0657118062874953,0.3148624566370075,-0.21765738009755908,3.968547052934335,0.0,1037.5820901128445,10441.485190416288,0,99.mat
0.06410685204007288,0.018398084134615387,0.06141008857397463,-0.11646818927311298,-0.04020881617793942,3.114252481967544,0.0,1061.3845195578788,9328.505289172876,0,99.mat
0.06633890734948111,0.015388746093749999,0.06452935085668485,-0.2467581738584106,-0.10453887235540388,3.364819688128425,1066.40625,1103.7777340936493,9725.885838036747,0,99.mat
0.06527173622571832,0.015707882812499997,0.06335346847228268,-0.04447310326910037,-0.22545039001894407,3.3175579776510866,1066.40625,1096.9875631018785,9452.151248949605,0,99.mat
0.06395933432929347,0.016451584435096152,0.061807295826797344,-0.12713106790111794,-0.18891675878266237,3.121435286506498,1066.40625,1126.3202225712403,9146.623140183663,0,99.mat
0.068187093696693,0.016006646935096153,0.06628172448493451,-0.061221859213939744,-0.2021640252501321,3.0319204844460574,1066.40625,1052.122873484983,10287.98279622744,0,99.mat
0.06666943101690312,0.016688823317307692,0.06454685281561984,-0.147016019601927,-0.19357208857630584,3.360654495763096,1066.40625,1115.5795075455826,9905.539020153832,0,99.mat
0.07025334256050478,0.014806904747596154,0.0686752336196918,0.004310885218135496,-0.14879073181236793,3.3614431253748815,1066.40625,1041.9237579700716,10810.349803296082,0,99.mat
0.06490862825809691,0.013099273737980768,0.06357310004935472,-0.09543923438026258,-0.07676154866788945,3.2139854163280868,1066.40625,1081.186238397869,9195.426231346097,0,99.mat
0.07007310014074762,0.014600122896634614,0.06853521558103111,-0.009837005006756439,-0.19093454018880313,3.087263920272241,1066.40625,1082.011882364429,10744.55386831685,0,99.mat
0.06394379000767816,0.012019118689903846,0.06280405294615983,0.09325120547201227,-0.15501884255011447,3.344042778901487,1066.40625,1081.847308478316,8877.80514376177,0,99.mat
0.06684165225327722,0.009974524939903846,0.0660932320905195,-0.11091006172963125,-0.1881683839424809,3.236517149911522,1066.40625,1074.476362324871,9578.316739319796,0,99.mat
0.06631292641396232,0.009098401442307693,0.06568579222920427,-0.20882877745851047,-0.12375682154323546,2.957167963215881,1066.40625,1065.1948621832971,9395.629143014683,0,99.mat
0.06794995466064213,0.009160435997596153,0.06732965728946841,-0.08851970339919779,-0.10606479407689587,3.506091658494682,87.890625,1082.568435227888,9858.941338891818,0,99.mat
0.06133373901476002,0.009178873197115384,0.06064301961777606,-0.22567032416531552,-0.06752112099365862,3.4795455468674477,1066.40625,1090.995625326666,8065.812410425433,0,99.mat
0.06649033230173146,0.008675670072115385,0.06592190105264316,0.014446801272264942,-0.22031489640091417,3.4355948939647205,1066.40625,1076.5360325108923,9429.28065489432,0,99.mat
0.06425042048572056,0.005490516526442307,0.06401539471771431,-0.2078285019175823,-0.15280399086911428,3.1657380366126153,87.890625,1119.362325349114,8720.507379300296,0,99.mat
0.06520078018598924,0.007203749999999999,0.06480160277955466,-0.2529878359769566,-0.17121354521406,3.090798315044794,1066.40625,1095.7914869055444,9024.119053132208,0,99.mat
0.06352588765228928,0.00792422686298077,0.06302971545735625,0.13228810157785142,-0.11440915868966496,3.57292982199453,2103.515625,1107.7241865012434,8594.823573613065,0,99.mat
0.06579292315151385,0.007980149639423076,0.06530716613476213,0.06701053476662677,-0.22577267590842826,3.4371337537671574,1066.40625,1084.5345063897323,9211.512378817477,0,99.mat
0.0692065593305462,0.00888530408653846,0.06863380526870234,0.12136980043666767,-0.15062024261198764,3.2766391693284795,87.890625,1077.0949848763812,10209.976606933817,0,99.mat
0.06727337925235959,0.010761009014423076,0.06640713998527048,-0.20096313354227835,-0.12924038698749246,3.3397871747744667,1066.40625,1111.651900807447,9733.942341247377,0,99.mat
0.06375381011708015,0.008922076622596153,0.06312641961322718,-0.10662338996416532,-0.1383187308456091,3.1347701116924482,1066.40625,1072.5992031843116,8690.916061808883,0,99.mat
0.06703585205643009,0.012528942908653844,0.06585462057079422,-0.0914410457424717,-0.06906815938055444,3.432532923383611,87.890625,1092.7286846670802,9753.390024442557,0,99.mat
0.06594535803650527,0.011793288461538461,0.06488226717544489,-0.24098024372374072,-0.13296079436738498,2.9799776384398036,87.890625,1072.2134897436592,9411.74905272545,0,99.mat
0.06635721362979913,0.010231728966346155,0.06556364482752641,-0.2517260482618724,-0.07008385894147003,3.1941249364643096,1066.40625,1076.0525695064327,9453.89350235901,0,99.mat
0.06617823536140671,0.01036567878605769,0.06536139180627976,-0.3341096952268994,-0.17831451182541452,3.004166860188028,1066.40625,1058.272557247811,9409.933827652592,0,99.mat
0.06520965175439135,0.009972996995192307,0.06444251712078664,0.027243930422263585,-0.16279214816036433,3.656627174049079,1066.40625,1074.5075097192762,9126.300719833167,0,99.mat
0.06716275798666664,0.009664657752403846,0.06646375291017244,-0.11203414867924844,-0.22545175831689815,3.019145727851277,1037.109375,1185.5970121242678,9655.787680005804,0,99.mat
0.06155555890803814,0.009916666766826922,0.060751514818287985,-0.0171395581022864,-0.22229757590385354,3.4026146438984806,1066.40625,1143.5646554234672,8152.5242583819145,0,99.mat
0.06545562791199933,0.010300282752403845,0.06464010674940626,-0.12129328807092232,-0.1142167793172235,3.257243569087179,1066.40625,1068.3826211262442,9207.618852073449,0,99.mat
0.06458602186294068,0.011407635216346154,0.06357059130487171,-0.028227008297637912,-0.18685874906609104,2.9877862918811555,1037.109375,1116.514574459149,9020.87396027253,0,99.mat
0.07029082275987769,0.012301075420673078,0.06920609299588767,-0.004125459202883874,-0.16417525206793096,3.0391186994056683,1037.109375,1040.7333137861344,10678.941613010813,0,99.mat
0.06325955068744718,0.010544753906249999,0.06237450535462646,-0.2444344400637979,-0.16831723404976115,2.7800192590629056,1066.40625,1134.9405296778752,8625.505900170512,0,99.mat
0.07074947893560996,0.011951277944711538,0.06973274499938009,-0.17279261211534003,-0.14199309927348133,3.2641545103026104,87.890625,1071.1052841468197,10796.813377723434,0,99.mat
0.06718809655547738,0.01172218810096154,0.06615761955265491,-0.052085607689329017,-0.1793034708366424,3.312976952707986,1066.40625,1071.2681431878932,9755.217107687076,0,99.mat
0.06543252383402264,0.010177130408653846,0.06463622198067577,-0.12396557796414953,-0.19645610264047358,2.993768766290354,1066.40625,1163.731737505624,9195.9849820027,0,99.mat
0.06512161116582309,0.01116550691105769,0.06415727313603485,0.013543803913868224,-0.29365273903434647,3.354037220242154,1066.40625,1107.6661077203087,9155.100466220298,0,99.mat
0.07208402918366791,0.01132726532451923,0.07118848448744944,-0.10914248045861408,-0.15953608202113978,3.1082186389171316,87.890625,1144.9169082618278,11166.09961986185,0,99.mat
0.06106665891317645,0.010504416165865385,0.06015641338903557,-0.04043893664531417,-0.28660439879801486,3.1873064174492844,1066.40625,1126.5875437236868,8051.97229703901,0,99.mat
0.0689379849957471,0.011269203425480769,0.06801066702679062,0.03313484749007811,-0.051854734042142275,3.5224166721334855,1066.40625,1077.1181492978776,10232.926062700604,0,99.mat
0.06750348730545377,0.011019740985576922,0.0665979437145649,0.06814404754509695,-0.15655016545471495,3.2418701195583717,87.890625,1100.2598243869547,9810.800714237606,0,99.mat
0.06506068290882934,0.011257896634615384,0.0640792651637607,-0.2720671280031821,-0.15748611982421687,2.8954459726724977,87.890625,1080.8371572676808,9142.81238006064,0,99.mat
0.06289240726354983,0.011460196514423076,0.061839459791099574,-0.032673883450475394,-0.12924186681296934,2.9985862506745966,1066.40625,1103.287173854151,8570.621310283048,0,99.mat
0.0672020868080638,0.009808284555288461,0.06648246404459625,0.012912686822535768,-0.2530610197507625,3.2874528575083315,1037.109375,1062.7195798501775,9672.742087842704,0,99.mat
0.06530829896701106,0.011686943509615385,0.064254099210615,0.01946405504969695,-0.3062424680848822,3.4434733130774267,87.890625,1089.5575839962594,9231.156747838066,0,99.mat
0.06669933021077785,0.013616533954326921,0.06529464490781035,-0.4315380312153203,0.021019421602128358,3.071399773354914,1066.40625,1086.8322621661569,9718.643121952193,0,99.mat
0.06329035600587361,0.012749374399038463,0.0619929239170356,-0.21741763891942956,-0.21626227156961075,3.03906308565454,1066.40625,1104.0126343585064,8741.381535431632,0,99.mat
0.0665059447543054,0.01419684735576923,0.06497299602773224,-0.026103259304821158,-0.16658081833970595,3.632406340171214,1066.40625,1077.824440802481,9698.469868918255,0,99.mat
0.06776372362634354,0.014573944110576921,0.06617796002272397,-0.305059667186248,-0.15283486148523423,3.041627422018951,87.890625,1095.6932974575527,10075.392676123549,0,99.mat
0.06736133801431754,0.01309244891826923,0.06607675567400122,0.1712900668113515,-0.28007934440452914,3.3230383227353646,87.890625,1100.4395944455964,9875.408946486368,0,99.mat
0.06430691068645059,0.01395583954326923,0.0627743044937788,0.3192129651708355,-0.08047994064611165,3.6203693622592747,1066.40625,1073.4529673898976,9080.970605722652,0,99.mat
0.0678118298046859,0.014051998197115384,0.06633992469190748,0.14476825025367646,-0.1469449026559471,3.414788799978312,87.890625,1047.7819841098085,10057.737386427196,0,99.mat
0.06901084902200777,0.012356488882211539,0.06789561447724096,-0.06514396782341914,-0.1484135161459384,3.301046186627139,1037.109375,1120.2621877984793,10307.87617301352,0,99.mat
0.06511746699147698,0.014849585336538462,0.06340169021973276,0.0772327566185802,-0.3339388270361203,3.3958984879011185,1066.40625,1096.48855478767,9354.964495318933,0,99.mat
0.06531204694177394,0.015013177283653846,0.06356310237530939,-0.0020933487956442676,-0.09861123306659322,3.3634223743720484,1066.40625,1115.8898062662722,9418.431779998627,0,99.mat
0.07146606919682809,0.015585137920673077,0.0697459857084221,-0.0583084520249888,-0.1691338656064467,3.117580598362047,1066.40625,1056.9023115420923,11220.382671249028,0,99.mat
0.06820760528449811,0.01703261087740384,0.06604670760412543,0.049696619601911074,-0.2793235019754819,3.5601353643696463,1037.109375,1074.4388463456694,10364.936970192091,0,99.mat
0.06326740855748038,0.01477542908653846,0.061517897240460154,-0.07837458442527412,-0.2243359735226382,3.3797933897750436,1066.40625,1104.5886898783788,8852.242465250565,0,99.mat
0.06372270578406194,0.014630070612980769,0.062020514882587995,0.014049412918210713,-0.16439917994490932,3.178859654013676,87.890625,1097.583435600249,8964.53249298082,0,99.mat
0.06926488339807314,0.015370105168269229,0.06753801847304236,-0.15401970531758913,-0.12462033400462816,3.2407497541878243,1066.40625,1050.4551625049698,10556.778301665781,0,99.mat
0.06654080565166012,0.012713620492788461,0.06531494982572791,-0.012108440072328364,-0.2132986846294505,3.664989959575283,1066.40625,1080.40499458632,9624.4910230902,0,99.mat
0.0636692675429432,0.014725719951923077,0.06194294795497237,0.3905031443167153,-0.3496713019600304,3.551777578885326,1066.40625,1105.2486476630854,8956.143625943683,0,99.mat
0.06687521234543514,0.014360846754807692,0.06531508330188342,-0.15498403152851914,-0.04986729820128269,3.1225919541211624,87.890625,1116.2918839223103,9811.580686899839,0,99.mat
0.06504418106664962,0.013756901141826922,0.06357273913876216,-0.3104921086463528,-0.18774574649208903,2.851278529174505,87.890625,1106.116740291422,9269.406999382234,0,99.mat
0.06747792579521154,0.013692523737980768,0.06607408919772491,-0.03215106402241341,-0.13055670054715193,3.332754852274125,1066.40625,1052.2494303609074,9942.085241018638,0,99.mat
0.06736315633349434,0.014929649639423077,0.0656879014191721,-0.18729009660443197,-0.14871970081182184,3.502567469254463,1037.109375,1066.514045237329,9983.888959597683,0,99.mat
0.07022669482361601,0.014351373497596154,0.06874464884325028,-0.04079215364228306,-0.14636168109481115,3.4726308169265416,87.890625,1026.477415185402,10774.643022557535,0,99.mat
0.06349733245734789,0.015209365384615384,0.06164889645237964,-0.30694815863708147,-0.0844408346278661,3.137575778344965,1066.40625,1099.6725473121016,8940.652595453672,0,99.mat
0.065305495735646,0.014521993990384615,0.06367039707604868,-0.12047111516288789,-0.12417307934245295,3.1305646579983746,1066.40625,1106.0423282893098,9386.21408572834,0,99.mat
0.06723686204969667,0.014369403245192307,0.06568345201545818,-0.157879118934261,-0.26595654286613113,2.9630724313165815,1066.40625,1084.6633180011747,9913.81446281327,0,99.mat
0.06717089873889925,0.015761157151442304,0.06529560140345593,-0.1304127631247325,-0.21879785245495123,3.1523266676494863,87.890625,1091.4409320152413,9983.163940030592,0,99.mat
0.07062107854039065,0.015098436598557693,0.06898821599727999,-0.08842285084643597,-0.1814397113847493,3.2139630709792173,1066.40625,1043.5812083814967,10937.27557387939,0,99.mat
0.06626640128797985,0.016181036358173077,0.06426048554154458,0.0027227453625093823,-0.3454888963554416,3.6235000396175536,1066.40625,1158.136284279787,9758.174054556534,0,99.mat
0.06949232498459662,0.016593887019230768,0.06748204313265713,0.07384223710296922,-0.17531220650473822,3.404258617139133,1066.40625,1030.9994125997323,10704.996887199126,0,99.mat
0.06411185985506171,0.014099670072115385,0.06254222476001767,-0.30729271663870117,-0.13233436557834993,3.406862758093316,1066.40625,1070.103899870501,9036.903249065466,0,99.mat
0.06910320130051081,0.014084798076923076,0.06765257491855889,-0.03538949882450648,-0.3088794648030128,3.1185196669911632,1066.40625,1077.1185872309486,10430.465461215965,0,99.mat
0.06991880972159903,0.015295847055288463,0.06822519340937329,-0.12086382224693848,-0.14574458483022398,3.3775262525909975,1066.40625,1085.7923476097008,10742.874275896858,0,99.mat
0.06429540291037424,0.01438906280048077,0.062664612877853,-0.2674014104988127,-0.03343547805082686,2.968844867325303,87.890625,1082.355325890313,9103.619249502288,0,99.mat
0.06533957717779565,0.01506278455528846,0.06357965765253913,-0.13983007257410218,-0.16676208135774376,3.0459192654633456,1066.40625,1070.9284352823263,9429.10505112372,0,99.mat
0.06691364550478623,0.01417168719951923,0.06539571267796676,-0.097391643643852,-0.21096359009123355,3.3452714465586313,1066.40625,1050.0437673515407,9811.048889719379,0,99.mat
0.06551718398067896,0.014627116586538461,0.0638635174189611,-0.007245345667738157,-0.0910122111425466,3.2318943293878277,1066.40625,1107.7221672709006,9450.718739301716,0,99.mat
0.06617430941104177,0.01627087950721154,0.06414279153646257,-0.12053434147054576,-0.09322046045301007,3.2502411200467036,87.890625,1098.4969905552737,9738.712751397716,0,99.mat
0.06471040494984075,0.015806791766826922,0.0627501541258071,0.05876897600529274,-0.27187951969962454,3.3592315012976246,1066.40625,1112.2398262459385,9305.673092886595,0,99.mat
0.06631624526399117,0.014956134014423077,0.06460772741132789,-0.3045718427378761,-0.12766857875610785,3.1300370952246395,1066.40625,1087.9036331347436,9692.051032596717,0,99.mat
0.06467807600820792,0.01609170252403846,0.06264431838563952,-0.20252576332647187,-0.19870199974978095,3.173834955070214,87.890625,1092.1146493268725,9315.961077663871,0,99.mat
0.06357142988307628,0.014202653545673075,0.0619645973894809,-0.2524765416099015,-0.10743617583425513,3.399727501159676,1066.40625,1124.9838766750397,8898.302459109982,0,99.mat
0.06378470038909421,0.014493166766826923,0.06211631122978456,0.03645791358796613,-0.21072741355028488,3.1430638286679513,1066.40625,1054.964718216861,8972.748480361939,0,99.mat
0.0681652391866374,0.016244598858173077,0.06620130543507831,0.06728807962395811,-0.1512035811441174,3.4062658012713265,0.0,1036.3422389524344,10297.827422717333,0,99.mat
0.06812221116195191,0.015212828725961539,0.0664018485868287,-0.13716875808874018,-0.06671738487339755,3.019496368691791,1066.40625,1068.6304069692117,10217.46229729264,0,99.mat
0.06430273994836926,0.01602976983173077,0.06227269742037306,-0.34653431744432917,-0.09513175394701268,2.9165978140249833,1066.40625,1113.601033607238,9210.260546371856,0,99.mat
0.06126528063265947,0.016048716346153846,0.059125910687609834,-0.24788139424961564,-0.20195090297807078,2.976071345319999,0.0,1215.073573275272,8411.659724490493,0,99.mat
0.06690931410085127,0.01476890985576923,0.06525898876874003,-0.23790142916030543,-0.23168849225235505,3.4016098905501844,87.890625,1106.9895337735895,9846.07981603673,0,99.mat
0.06861328733661323,0.014629051983173076,0.06703561767605538,0.2544256052065248,-0.1169714501132736,3.7671196290362716,1066.40625,1120.9018242207046,10321.742148994268,0,99.mat
0.06898994265567497,0.014901841045673075,0.06736131917564274,-0.050636306226473415,-0.3361995483897083,3.060138349214921,1066.40625,1122.8590247556185,10447.330321782776,0,99.mat
0.06571142629759287,0.013707497596153846,0.06426582338782735,-0.07658035181717526,-0.22682653454088067,3.1588464805535876,1066.40625,1090.7697743362758,9449.52980964473,0,99.mat
0.06787333866535593,0.014743036658653846,0.06625279595355722,-0.14532075818381074,-0.18000363717777562,2.9783168423316226,87.890625,1074.386253823121,10116.969701489032,0,99.mat
0.06546368393645152,0.013245548978365385,0.06410966656279958,-0.25324046783834087,-0.10252676746313079,3.1006927356519305,1066.40625,1105.559726353626,9355.265984222058,0,99.mat
0.06258810782923727,0.013522718149038462,0.06110979737739192,-0.2035670942103196,-0.21968485755756767,3.2398192065399103,2103.515625,1116.2527963753178,8598.606616738425,0,99.mat
0.07235255025455704,0.014601956430288464,0.07086377351472443,0.21467540518746464,-0.23435320156368294,3.6041470528926727,1037.109375,1043.8207236773574,11425.511621419939,0,99.mat
0.06795855505235793,0.009380358173076923,0.06730805364404138,-0.2998606024093826,-0.15959733249650412,2.907047818756038,1066.40625,1051.6748066962223,9869.94440962271,0,99.mat
0.06559163777075183,0.009638580829326924,0.06487958619663083,-0.1282287129942743,-0.1064585561645232,3.285475094567412,1066.40625,1082.4979859395844,9217.327977516106,0,99.mat
0.06725053739037064,0.01132471875,0.06629016159677872,-0.13718234990221667,-0.222279254120961,3.1423895304908567,1066.40625,1049.313450119631,9753.610703662023,0,99.mat
0.0657963011740704,0.009553117788461539,0.0650990874644857,-0.11003954768280222,-0.15688388046487078,2.783808579265406,1066.40625,1070.8054125745653,9270.282684150281,0,99.mat
0.06190403142643344,0.011614518930288462,0.06080470423300183,-0.15088099482261796,-0.235313542476524,3.6126191970786308,1066.40625,1116.2950390484557,8319.414855567233,0,99.mat
0.06356776999454898,0.010469477163461537,0.06269969242351703,-0.12041739620961645,-0.2293992865539549,3.416332135030659,1066.40625,1092.6787271930903,8704.168880218645,0,99.mat
0.06386004717282548,0.010140154146634614,0.06304984455807948,-0.22356138253843927,-0.13103613811574966,3.253691976058242,1066.40625,1089.3584374520724,8768.042130824506,0,99.mat
0.06617626181854647,0.01213096424278846,0.06505487940821195,-0.22009500604865861,-0.11827574036565275,2.9821895106024976,1066.40625,1074.986931397472,9492.669943482848,0,99.mat
0.06155833113154396,0.011681646634615385,0.06043978212737693,-0.15024479635604404,-0.1953160603011179,3.0669597373178137,1066.40625,1178.2977850714362,8233.18362665372,0,99.mat
0.06483541764301481,0.011672071514423076,0.06377612505872671,0.03546654306162145,-0.24311282573545037,3.3237958532825096,1066.40625,1179.171577497063,9101.359740637678,0,99.mat
0.06563442846983121,0.011944249399038463,0.06453846222877456,-0.007500589187996898,-0.15965575840651672,3.4613260013466545,87.890625,1110.1765466317097,9333.464432321663,0,99.mat
0.06499169549828977,0.010714253906249999,0.06410245897759949,-0.0982098102907547,-0.25009233579858614,3.00765526866058,1066.40625,1087.7874617449359,9098.945418296658,0,99.mat
0.06498257213225712,0.010769056189903845,0.06408402382577653,-0.11649395325143663,-0.212660072296343,3.2970070738958643,1066.40625,1099.9471453680337,9098.928475290986,0,99.mat
0.06988259995403708,0.013135944411057691,0.06863690509314639,-0.29248273145012904,-0.06135272013255739,3.1434434343381876,1066.40625,1071.761691918151,10603.473429494778,0,99.mat
0.06827929985577301,0.012571419771634614,0.06711201229079573,-0.06855016892532895,-0.15487149018021817,3.1653156801265157,87.890625,1072.628296867875,10108.488124120688,0,99.mat
0.06797656301884653,0.012607682992788461,0.0667971515066965,0.026623253727654284,-0.32720751470647313,3.2960319428742566,1066.40625,1093.1072123041404,10023.8964965771,0,99.mat
0.06439545908837278,0.01220909314903846,0.06322747184318217,0.22944704521969328,-0.3520169238919843,3.8389233382120067,1066.40625,1119.6956016457511,9009.023144682642,0,99.mat
0.0667983043425459,0.012398252704326922,0.06563761720933382,-0.11731763161732722,-0.0527999195536565,3.2948325999504324,1066.40625,1080.6420095553704,9679.88740236035,0,99.mat
0.06941827672529087,0.014814646334134617,0.0678190489280377,0.06647090322792426,-0.28428053199622016,3.5551444323031904,87.890625,1159.8489018943746,10566.22273929866,0,99.mat
0.06288725469651854,0.0164971171875,0.06068485748328561,-0.13902536856973713,-0.15250891614238188,3.363734051054238,1066.40625,1177.02807316525,8864.576413185294,0,99.mat
0.06431272137795493,0.016260795072115385,0.0622230879550439,-0.2509449842576519,-0.23624898757241058,3.0718458960825172,1066.40625,1099.9050206186544,9228.600051363439,0,99.mat
0.07670982898300507,0.01644526893028846,0.07492630374182603,0.6300321582251254,-0.2269467115695228,4.508995943256994,87.890625,1080.8104474768513,12907.641715658876,0,99.mat
0.06792002046887514,0.01560714032451923,0.06610254421263363,-0.23722573759553667,-0.20718996473322235,2.8902682238300574,87.890625,1091.6828442261315,10185.262163234034,0,99.mat
0.06759074765436163,0.012530980168269229,0.06641900108024837,-0.10560478448976074,-0.07592441357312377,3.3333647459672164,2103.515625,1060.4603106100546,9910.16420497648,0,100.mat
0.06567638336761407,0.012377676382211539,0.0644994609250888,-0.15989509957517,-0.1299166768881252,3.3797045124781353,2103.515625,1118.0550535649131,9367.126405891056,0,100.mat
0.06374743162369738,0.013284155048076923,0.062347945140771285,-0.19995743775431363,-0.04112732777471472,2.8438286000432047,2103.515625,1107.2308697634114,8892.351850012865,0,100.mat
0.06496125437958788,0.011394596754807692,0.0639541064777302,-0.0915291221229948,-0.19111793018402212,3.2242272436731065,2103.515625,1116.6050261182054,9122.194278949717,0,100.mat
0.06606173212601293,0.011194232271634614,0.06510638690126941,-0.003992312234604167,-0.04713361191737749,3.4578845997877856,2103.515625,1110.2999918006844,9415.08543027577,0,100.mat
0.06814126192097063,0.014049146033653846,0.0666772305356738,0.04858185915289148,-0.04429959564984724,3.5544170259037005,2103.515625,1064.5528029876036,10151.49454037668,0,100.mat
0.06393909922008742,0.012409559495192308,0.06272329106648875,-0.1402373659477245,-0.0950550993164131,3.481322353610584,2103.515625,1097.6560352798867,8896.549418391352,0,100.mat
0.06481072014398621,0.01507327644230769,0.06303352903713921,-0.12407321844168573,-0.11621236185232345,3.6984479788305302,2103.515625,1142.8954658545592,9285.418018407236,0,100.mat
0.06449441738196542,0.014841741887019231,0.06276346525804852,-0.05248455190064272,-0.1629851942151971,3.5580897136856957,2103.515625,1090.1346669509428,9185.121359791478,0,100.mat
0.06864785784478285,0.01381669471153846,0.06724304673291998,0.06395261445814038,-0.18276122921698004,3.658860319353897,2103.515625,1125.1211745654864,10283.234250715353,0,100.mat
0.06629011792504007,0.014726840444711536,0.06463358186756886,0.3384228710293411,-0.22442802997411662,3.600174618332537,2103.515625,1102.0468185196019,9670.512216094867,0,100.mat
0.06785766471497451,0.013198182692307693,0.06656178058157974,0.004467079598727608,-0.12700321879088441,3.2526182244873296,2103.515625,1099.4191656435576,10021.983238369594,0,100.mat
0.06455858173390969,0.013273051983173079,0.06317939985901957,0.14883779227270066,0.02925005724839696,4.12005047572019,2103.515625,1078.569196662432,9109.995513144895,0,100.mat
0.0655949286470088,0.013968164963942308,0.0640904441531362,-0.24436031924009294,-0.12528057215637994,3.0881280403797744,2103.515625,1105.9147775987863,9432.5791539608,0,100.mat
0.06409807963154097,0.014434697415865384,0.06245160784930823,-0.003546302245295063,-0.19447398068741925,3.2578823141098168,2103.515625,1101.2282316190815,9053.246367835318,0,100.mat
0.06658892824651419,0.016342998497596153,0.06455224058951776,-0.14632459216480154,-0.15133348233202723,3.045163200336817,2103.515625,1068.2211149865705,9859.08686233411,0,100.mat
0.0702593398649352,0.016202020132211538,0.06836570325749515,0.16371025287094199,-0.1330652455388284,4.017353649026854,2103.515625,1063.426271815062,10902.840943771585,0,100.mat
0.06800652309930433,0.016807595552884615,0.06589682781277764,0.0568060199759004,-0.059147239373063584,3.539986208302664,2103.515625,1103.107890855668,10291.52455497483,0,100.mat
0.06529403540144094,0.015950418569711536,0.06331583693244229,-0.0019956768804343383,-0.09120186280677052,3.399495342355127,2103.515625,1085.4676084675973,9474.359544920537,0,100.mat
0.0687874072855359,0.016187861177884615,0.06685551997817184,-0.10747325486416992,-0.17385594570871288,3.1449674058531203,2103.515625,1098.3216620681553,10472.661390235075,0,100.mat
0.06743899022571313,0.015506397836538462,0.06563207317157387,0.05916339639135071,-0.22436506043833088,3.7832211682098538,2103.515625,1067.2965284594397,10042.140579830837,0,100.mat
0.06488706728228759,0.015362465444711539,0.06304225690722184,-0.2498981153206543,-0.14037941034406473,3.05430070560015,2103.515625,1110.9232051569268,9324.64260915102,0,100.mat
0.06798095083401105,0.01593951923076923,0.0660858638665499,-0.03681035959204415,-0.1576778607677153,3.1423825531324883,2103.515625,1087.307382381696,10224.615934473424,0,100.mat
0.06634033759692738,0.014870670973557692,0.06465217349223834,0.12380877120042122,-0.14329079305412393,3.4402181091674344,2103.515625,1086.7634898783963,9693.40727208461,0,100.mat
0.06470485083259023,0.013869867187500001,0.06320082677836471,0.03381462119781098,-0.1635030487390155,3.575535041986899,2103.515625,1081.872774799743,9183.619132672935,0,100.mat
0.060977593374386824,0.012560011117788462,0.05967003447672117,-0.0905990412170552,0.002620615311190323,3.397232745005165,2103.515625,1105.3724362702897,8128.604220007557,0,100.mat
0.06358025406635456,0.01078311328125,0.06265918268782258,0.009574010793249155,-0.10312809535590942,3.494408568791101,2103.515625,1110.7108799918128,8721.476504671504,0,100.mat
0.06536727884446435,0.01271107391826923,0.0641194958134751,-0.019953456001632563,-0.15793229371734796,3.089308532915833,2103.515625,1083.0242220012933,9299.72072809036,0,100.mat
0.069547996091692,0.012855821213942308,0.06834948149975359,-0.3250105039273339,-0.08788441562722632,2.993589543136018,2103.515625,1078.5991796238573,10490.363057248911,0,100.mat
0.06502937299882693,0.01266075360576923,0.06378498781652751,0.03558693219913156,-0.1163254704936265,3.307466328213582,2103.515625,1161.0794059845157,9204.635653363397,0,100.mat
0.0663062330920666,0.013949524038461537,0.06482227492120167,0.1431960700689543,-0.06413932542429851,3.608738349252956,2103.515625,1073.3881762251842,9628.246634363422,0,100.mat
0.0655210787643881,0.014375820612980768,0.06392454570939513,-0.1895206274147765,-0.02936321363994363,3.209414613707505,2103.515625,1102.8707576091986,9436.504251519065,0,100.mat
0.06582214187896204,0.013944940204326923,0.0643280110389864,-0.28191172180845836,-0.11321534821480857,3.033096726691801,2103.515625,1075.5699347978416,9493.83998781966,0,100.mat
0.06685829304624867,0.013634767427884616,0.06545322349774348,-0.1948267389859062,-0.1628910418718414,3.198268449403181,2103.515625,1100.0993371713605,9764.21017475678,0,100.mat
0.06650687328192047,0.013279061899038462,0.06516771216498958,-0.042668958530090784,-0.172787947383631,3.33436444841014,2103.515625,1113.1298888373299,9645.84430734338,0,100.mat
0.06554367357509046,0.01370984044471154,0.0640937861317192,-0.15683212216584774,-0.10661559877302579,2.8550123878182663,2103.515625,1084.0118104057067,9403.487943241615,0,100.mat
0.065758061963269,0.015904783954326922,0.06380564677621652,0.08187719175082497,0.004289195395804137,3.692753412166347,2103.515625,1073.7729189477434,9598.842623881728,0,100.mat
0.06619153549260863,0.014170872295673076,0.0646568306464908,-0.16103300182217373,-0.2490810326257258,3.1359343176966568,2103.515625,1048.3902200341101,9609.429342809197,0,100.mat
0.06345891227207709,0.01416812199519231,0.0618570761181332,-0.04449807946224116,-0.16703895742403624,3.22166059270819,2103.515625,1110.8287752595854,8866.274418294146,0,100.mat
0.06579630424227863,0.014032542367788461,0.06428251244808897,-0.09891048920241907,-0.016675281307514573,3.6937777262078377,2103.515625,1060.276412135505,9491.84769103383,0,100.mat
0.06837692931383266,0.01386854296875,0.06695571654692976,-0.11720886096191974,-0.18892365500167582,3.0784202389495183,2103.515625,1141.7826769960918,10208.387542820285,0,100.mat
0.067969923473555,0.014881468449519233,0.06632082926039817,-0.056399135552388735,0.002906129644990203,3.2840769877475138,2103.515625,1094.3191748633683,10153.084197063687,0,100.mat
0.06659126515713323,0.01274417938701923,0.06536040458090127,0.2604808520680728,-0.08707336577283056,3.6246195267570274,2103.515625,1076.2471854537705,9640.210624611076,0,100.mat
0.0648995156438377,0.01224250420673077,0.063734356681094,-0.13589709346192524,-0.13300705829749704,3.310869796518254,2103.515625,1100.3319114363624,9147.412119910514,0,100.mat
0.06545496513519133,0.013774115985576924,0.06398926620664583,-0.091728433357952,-0.2395698260763157,3.372014276796417,2103.515625,1098.5083020772179,9382.822984783434,0,100.mat
0.06454198213640602,0.012217853365384616,0.06337500703935356,-0.06718981181809935,-0.13193011107240227,2.9736637688090863,2103.515625,1080.2024546984687,9049.092115550871,0,100.mat
0.06825809128665047,0.011750200420673075,0.06723912414785549,-0.2005218903102115,-0.09882638017509232,3.0318231529415023,2103.515625,1058.21988154497,10060.529335964586,0,100.mat
0.06528749036237859,0.013386221754807692,0.06390043399656055,-0.1697114785700773,-0.11404194912877455,3.300780763842507,2103.515625,1105.9298395183046,9314.809203694449,0,100.mat
0.06476764722464089,0.011169887019230768,0.063797192344124,0.033052041024635326,-0.2047872571356006,3.3047268781125836,2103.515625,1136.1710721248178,9058.8856192612,0,100.mat
0.06542802666036175,0.011673293870192307,0.06437826405619476,0.098085269181718,-0.10701567875337667,3.421229694948438,2103.515625,1069.486876485285,9263.314191190473,0,100.mat
0.06578657891855404,0.010613002103365384,0.06492486543814395,-0.11381387444620428,-0.06087433613192505,3.4089253788250895,2103.515625,1153.8566475265548,9312.420324933551,0,100.mat
0.06625222499707085,0.00833829987980769,0.06572541420315964,-0.12023192923454884,-0.08999362328169579,3.573894485036993,2103.515625,1046.7039045271674,9350.958676075215,0,100.mat
0.06636304557090494,0.011271953725961539,0.06539875286766397,0.23008896181425076,-0.152049988068034,3.7628263325831304,2103.515625,1060.090258352557,9502.427863190731,0,100.mat
0.06731595861791231,0.009626764723557692,0.0666240473523318,-0.18720095417078753,-0.17431652207304393,3.3035851314583398,2103.515625,1148.5396960821063,9697.46225046841,0,100.mat
0.06283236086574205,0.009516141526442307,0.06210755688651384,-0.19092969407891403,-0.12037914728208722,3.037973972217104,2103.515625,1194.2266152766636,8469.26666116441,0,100.mat
0.06590078049932427,0.010536503004807692,0.06505301664680736,-0.18624135213104243,-0.04122207904181738,3.4220115309794115,2103.515625,1066.8544329414422,9340.56981236573,0,100.mat
0.06251161276814005,0.008273718749999999,0.061961659991641514,0.0628482798915675,-0.22537215384809497,3.7276815346243692,2103.515625,1119.63194888479,8338.603681900015,0,100.mat
0.06573291262289849,0.009247630709134615,0.06507916047520187,-0.11303560726885475,-0.08289455792285898,3.3260191029594246,2103.515625,1116.9272766047004,9240.751787306226,0,100.mat
0.06456804985735899,0.010156554086538462,0.06376423348139312,0.005673111055041424,-0.16581754912745666,3.224476413738628,2103.515625,1069.5741168710888,8959.428978287124,0,100.mat
0.06844319947984133,0.008159224759615384,0.06795512200238794,-0.34738570922183154,-0.09148857031399026,3.07543955683895,2103.515625,1092.0123903038,9963.660391901294,0,100.mat
0.06636831635678017,0.0106599609375,0.06550663057160418,-0.17085173710831292,-0.1417370502171419,3.093005062204917,2103.515625,1102.8513480148624,9475.746141178182,0,100.mat
0.060989060983529964,0.009231434495192307,0.06028636808444932,-0.004128547477892486,-0.15188589544556275,3.6428726895038253,2103.515625,1098.1710523535978,7979.422066133118,0,100.mat
0.06365502178674984,0.007729770432692308,0.06318395720220024,-0.1734602054727885,-0.1162313517880819,3.277280861112031,2103.515625,1087.0274786689226,8622.882957845839,0,100.mat
0.06852131755439038,0.008127952824519231,0.06803754362314969,0.049549953906717015,-0.01720408341929165,3.534702340570257,2103.515625,1035.4072669496982,9985.032609695221,0,100.mat
0.0665377477506637,0.0064769576322115385,0.06622175545514851,-0.15825682765922,-0.08535346234255349,3.1603760992978622,2103.515625,1130.3373752288426,9372.636939181837,0,100.mat
0.06771735928695287,0.007091802584134615,0.06734498559585504,-0.059646338257570264,-0.09728890780635421,3.5643445423971882,2103.515625,1085.1291613009266,9722.25786158936,0,100.mat
0.0670943638782256,0.008743307091346155,0.06652223872758763,0.12607207904259443,-0.1771935318266236,3.8990412485688917,2103.515625,1084.7778348740487,9600.969403860181,0,100.mat
0.06454797314653507,0.007473890625,0.0641138190739824,-0.07650741408165729,-0.13509439830897788,3.325669580389512,2103.515625,1195.720635971796,8854.799621039268,0,100.mat
0.06039981322190901,0.00740360516826923,0.059944341415632145,0.13354314002166534,0.08220521611682369,3.7025891369242223,2103.515625,1161.9017714762408,7765.648291738469,0,100.mat
0.0652349668269529,0.008438634915865384,0.06468686371799443,-0.1272642449001018,-0.15347683112337218,3.4089693122694804,2103.515625,1109.6741960614456,9073.978768605793,0,100.mat
0.06310194314464632,0.0074258112980769226,0.06266348661856865,0.10297025478725796,-0.06509983835458948,3.5142840742293084,2103.515625,1165.020736170216,8466.192019262495,0,100.mat
0.06547578282897377,0.010037578125,0.06470181730408706,-0.14573403547164565,-0.016282388055428604,3.3581975790798135,2103.515625,1106.9011827393115,9201.946961495078,0,100.mat
0.06369752280913407,0.010271353665865384,0.06286393008626544,-0.2537453830290701,-0.09788837414739664,3.1473654825810016,2103.515625,1122.2839420168084,8730.180947374984,0,100.mat
0.06717605251997485,0.01036476201923077,0.0663716335526792,-0.19912875390842677,-0.0829719075449682,2.8601676047224984,2103.515625,1076.3920826397002,9688.947774653154,0,100.mat
0.06150335631355195,0.012414245192307691,0.06023744146406781,-0.13220565689956354,-0.13902644206494846,3.232514019639846,2103.515625,1148.8696093232893,8256.017412826473,0,100.mat
0.0697174954156094,0.011118548076923076,0.06882519201343842,-0.17996475253246036,-0.16623254129317394,3.3304254791823333,2103.515625,1047.4054366283735,10452.522753484433,0,100.mat
0.06603134325121181,0.013513244891826922,0.06463381857861153,-0.16023250379157838,-0.1341455696607902,3.383651852621923,2103.515625,1095.0611472390692,9526.82899541539,0,100.mat
0.06673426012831153,0.014656045673076924,0.06510500595270562,-0.1667824816221426,-0.12364215140694247,2.9978927384748046,2103.515625,1127.3242564220598,9790.05025964731,0,100.mat
0.0634736699096979,0.013630387319711538,0.06199289728122033,-0.08738997476291255,-0.23979982718699008,3.14531873390891,2103.515625,1110.7145609232005,8838.854146663974,0,100.mat
0.06729437902322653,0.013378072716346154,0.06595119876482781,-0.24854113076939877,-0.06193008944568584,2.941939622203348,2103.515625,1152.777394877207,9872.350721689867,0,100.mat
0.0657303064435142,0.013257874399038461,0.06437935967045341,-0.14256110075949469,-0.1367648742232429,3.5165794693576085,2103.515625,1150.7939884808686,9429.304063287453,0,100.mat
0.0647996663426239,0.013315732572115385,0.06341678030445325,-0.07179891528088778,-0.13237751639538906,3.2161704063232732,2103.515625,1104.1226438873618,9177.77598522643,0,100.mat
0.06620424122937311,0.014059943509615385,0.06469404567086101,-0.05956849165920097,-0.23479522388531926,3.116425950261873,2103.515625,1133.166471654619,9606.387450340413,0,100.mat
0.06579268963231115,0.013591170072115383,0.06437358235428924,-0.0907660365959937,-0.1835023748755502,3.0915288786143367,2103.515625,1158.3603891591447,9465.277208850051,0,100.mat
0.06369781388393816,0.012658512620192307,0.06242734618608464,-0.025828120889955564,-0.17699028303888767,3.5894867907878902,2103.515625,1168.9733166253727,8845.04754220141,0,100.mat
0.06266333380560275,0.013306564903846154,0.06123421212110209,-0.183488003609098,-0.14630654919909164,3.4922741126481864,2103.515625,1104.609079506725,8606.204350051088,0,100.mat
0.06583856411973577,0.012028693810096155,0.06473041827897849,-0.16250387270201783,-0.1763709648809124,2.930945310688912,2103.515625,1083.375934045692,9393.994843558414,0,100.mat
0.06556825023406689,0.012248717848557692,0.06441400740385306,0.07888293507668909,-0.1513824027381451,3.8975242627577336,2103.515625,1051.8237767971607,9330.704310803947,0,100.mat
0.06772216052155107,0.012076467548076923,0.06663670127840195,0.15134328635299443,-0.13128356368351185,3.8197699974553645,2103.515625,1044.090142183745,9924.000184884373,0,100.mat
0.0680263220837524,0.01079615174278846,0.06716415415821972,-0.046265759887397895,-0.08804060273234042,3.5174890957539646,2103.515625,1085.609765570739,9949.175885410641,0,100.mat
0.06367960088133165,0.011719539663461537,0.06259188412631662,-0.03377480144719236,-0.17195073125245566,3.1253191629444,2103.515625,1139.716802723227,8792.181302139279,0,100.mat
0.06552457928282202,0.011689388221153847,0.06447347278692205,-0.05521585836657383,-0.05993279569524176,3.7027279680878116,2103.515625,1175.0959676380835,9290.61152314735,0,100.mat
0.061894097415613795,0.011832403846153847,0.060752559733027005,-0.24106756374988247,-0.06521630252922848,3.178401752453389,2103.515625,1101.7010903843752,8327.54957395062,0,100.mat
0.06744696798802413,0.011974910156249999,0.06637540973528745,0.12561331531996922,-0.026001665111784568,4.079704403562667,2103.515625,1127.500245214174,9840.864559463176,0,100.mat
0.06763337590372807,0.011020148437499998,0.06672952768115815,-0.21953001663104876,-0.21268975793939315,3.180123107334138,2103.515625,1108.2050095216773,9847.630696066313,0,100.mat
0.06483231601558381,0.012293028245192308,0.06365619103046798,-0.12487623126551384,-0.09226776193357308,3.246728422077759,2103.515625,1092.8815135536152,9131.729047306542,0,100.mat
0.06545052648407867,0.011719845252403847,0.06439267539326807,-0.2988085691850708,-0.11160268798008292,3.018444309669944,2103.515625,1122.34249112551,9271.77236730303,0,100.mat
0.0644042772732171,0.011300067908653844,0.06340520007337916,-0.08876498133596389,-0.11896271739439883,3.206762648590689,2103.515625,1073.1775780741618,8966.588245351135,0,100.mat
0.06346913823307794,0.01203042548076923,0.06231853954323075,-0.1099797799379747,-0.15657197721405697,3.161977704234974,2103.515625,1111.7559765551416,8751.54596768164,0,100.mat
0.0661527407874599,0.012121185396634615,0.06503277618457691,-0.2164670586923374,-0.11028841544361215,2.983249847201555,2103.515625,1079.191354833051,9485.645181632768,0,100.mat
0.06570525013460717,0.01399709405048077,0.0641970501923047,-0.13117647594741833,-0.09123186354382377,3.0892929988840807,2103.515625,1091.0936504558647,9464.65360499552,0,100.mat
0.06515422638099279,0.012535971454326923,0.06393686444455936,-0.08755329467986428,-0.11051070422255464,3.5060480162571053,2103.515625,1088.3652017433162,9232.13242781351,0,100.mat
0.0644419557689671,0.014865679687500001,0.06270388529236574,0.021526914572293165,-0.1890256786368496,3.1271934430566652,2103.515625,1071.639170767858,9172.426996186787,0,100.mat
0.06673338300734104,0.015610603665865384,0.06488184230423598,-0.13430712784939658,-0.19838976317819382,3.219885407730773,2103.515625,1085.318453250782,9850.39706928643,0,100.mat
0.06369947106672015,0.01460603094951923,0.06200231023180995,0.1282472498404914,-0.17746446946653605,3.5992183899324264,2103.515625,1153.0402019202213,8956.847073329463,0,100.mat
0.06614875533866575,0.016520953125,0.06405244679710692,-0.16043878725921967,-0.08319666232717239,3.0748877882681356,2103.515625,1182.0515016118884,9748.812060362327,0,100.mat
0.06807437567214393,0.01424971424278846,0.06656625471777013,-0.04731599415633925,-0.17414783481568968,3.2637153469524787,2103.515625,1079.3216562448822,10144.290672497049,0,100.mat
0.06529403149599651,0.013752419170673076,0.0638293154902533,-0.06366604179118607,-0.3496439091078051,3.5656363054415507,2103.515625,1129.9583567852344,9337.440190298994,0,100.mat
0.06703066403616521,0.013055065204326923,0.06574705463851613,-0.02117318934038881,-0.21810815351754367,3.1900440239619376,2103.515625,1082.845243356149,9780.160764691467,0,100.mat
0.06602470683527063,0.013286599759615384,0.06467401471619974,-0.2173632715462439,-0.12070595105763675,3.150177387087309,2103.515625,1084.0769782647467,9512.252809678337,0,100.mat
0.06611570426960332,0.014573842247596154,0.06448945241826623,0.11729771468122818,-0.26241231763765255,3.25943275789574,2103.515625,1082.3861371436992,9612.680278540836,0,100.mat
0.06528940712317398,0.012122305889423075,0.06415416106862298,0.1575853800575775,-0.10338499224122404,3.827898609918961,2103.515625,1082.495518642814,9247.720457568055,0,100.mat
0.06635510770301595,0.01240507752403846,0.06518523122534307,-0.047024246640576806,-0.11613214119760781,4.090244515906036,2103.515625,1149.9032336355235,9556.480136628643,0,100.mat
0.06713443879471713,0.012565104266826922,0.0659480934299498,0.010723410739020167,-0.1431552261090001,3.2627986139267584,2103.515625,1129.2516946976261,9783.032874327342,0,100.mat
0.06037606544429538,0.010143413762019231,0.059517900129173885,0.09228285554959559,0.04575015878808094,3.735142876729778,2103.515625,1108.9731760203094,7860.457273705214,0,100.mat
0.0637690398535566,0.011004970853365385,0.06281226839050687,-0.013042824690272514,-0.14706729487012318,3.6051060886928488,2103.515625,1106.1548483458437,8782.033148338764,0,100.mat
0.06768165761847768,0.013069224158653846,0.06640784711068184,-0.06745001830478214,-0.08145726131619263,3.2302536724105804,2103.515625,1076.2051878945438,9964.85131191928,0,100.mat
0.06547790129678069,0.011734309795673078,0.06441786655773478,-0.0022789141057768525,-0.18776778399698524,3.3389726724132536,2103.515625,1131.6628019530478,9280.000523678362,0,100.mat
0.06515173045457498,0.010685426682692307,0.06426950783874417,0.018599856600121534,-0.0941712379028179,3.5093843239954365,2103.515625,1159.3664732856394,9141.32833262285,0,100.mat
0.06534175762483428,0.011352221754807691,0.0643480563088914,-0.11314909453720601,-0.1589889995078944,3.087322475794644,2103.515625,1113.965494017928,9224.150863474495,0,100.mat
0.06793669740248984,0.010493924278846153,0.06712132602375577,-0.06500594828752915,-0.10140497987105529,3.3624514421196188,2103.515625,1112.0169430867224,9910.125483241776,0,100.mat
0.06531516596870734,0.012349969651442309,0.06413695623529572,-0.1965746287294481,-0.1281807975004628,3.1013553354298766,2103.515625,1078.0642035605963,9266.460425508,0,100.mat
0.06426122749899009,0.012134223858173077,0.06310519765468374,0.039915009357367914,-0.2549923795443476,3.3470020712231445,2103.515625,1119.623719923656,8968.982815184916,0,100.mat
0.0671257241085741,0.010585091646634617,0.06628588591798976,-0.2166564777386215,-0.07534245893169503,3.2476830576972646,2103.515625,1083.9782040200325,9684.451534706777,0,100.mat
0.06687060992798494,0.013400176983173077,0.06551422539388187,0.059120920863879434,-0.03269066531744543,3.3630227817208924,2103.515625,1067.5452962636436,9754.36389553698,0,100.mat
0.06585812752817796,0.01117090564903846,0.06490380442237598,0.1408552822477538,-0.14053496798194373,3.6491308225260126,2103.515625,1073.8839081641102,9357.664338587969,0,100.mat
0.06630845562161877,0.013221611177884614,0.06497692117040497,-0.010073360979415469,-0.22583945162285393,3.5488408173607384,2103.515625,1131.135091080138,9587.384399274097,0,100.mat
0.06423568962128628,0.014105883713942308,0.06266775778477289,0.034229071887838636,-0.21177405913619105,3.1339874661691995,2103.515625,1117.688302931062,9070.600336965375,0,100.mat
0.06700623241634833,0.012198397536057691,0.06588652578627888,-0.08288853682193364,-0.14026911399342873,3.1880937957949387,2103.515625,1080.6758637660062,9727.92350586186,0,100.mat
0.06675213311672898,0.014420742187499998,0.0651758350187795,-0.1868564703170148,-0.10395802162955256,3.340864714598265,2103.515625,1077.7372276508465,9780.708151567906,0,100.mat
0.07131101692627803,0.012950248197115384,0.07012526083155071,0.11767450141647373,-0.08876892715912595,3.5631736779777334,2103.515625,1043.2248299711448,11016.275378941007,0,100.mat
0.06167060319422303,0.012912049579326922,0.06030375008239799,0.1518357009477218,-0.1931595578662572,3.152710179422269,2103.515625,1111.8813314066897,8325.660439872394,0,100.mat
0.06705357541072013,0.014650646935096155,0.06543348164162052,-0.08007583496328019,-0.03806400609504655,3.182731676190665,2103.515625,1096.6935792522274,9879.31111028475,0,100.mat
0.06395802726313138,0.011722901141826923,0.06287450071539662,-0.3586008469436135,-0.1195901213320199,2.8866527515779445,2103.515625,1115.3560393901382,8866.875111019392,0,100.mat
0.06805082261812365,0.011489329326923077,0.067073912742741,-0.03994459758446389,-0.20556839423998566,3.310828682394371,2103.515625,1154.53503492962,9988.558688920579,0,100.mat
0.06563061698786506,0.011406616586538462,0.06463177998674913,-0.14889470209103095,-0.1742566314571947,3.045126613673172,2103.515625,1127.8723737249086,9306.086631706818,0,100.mat
0.06632721676338675,0.011947916466346154,0.06524221774043634,-0.1161517546853501,-0.12482501541413138,3.4943678269285146,2103.515625,1129.4805647662365,9525.372298446631,0,100.mat
0.06600430421944865,0.013108033954326923,0.06468962529916014,-0.13788725074326225,-0.13550675907293241,3.2586126629463945,2103.515625,1092.8207676048498,9496.719276403124,0,100.mat
0.06703005471740608,0.014224452223557692,0.06550338307567158,-0.061282435546421876,-0.07522642108551636,3.5075241912414286,2103.515625,1064.8399572685864,9846.890217886628,0,100.mat
0.06659219201642018,0.010573377403846155,0.06574742373528876,-0.11928310918834928,-0.10449883816854634,3.630834538523853,2103.515625,1075.597567773285,9534.316361482875,0,100.mat
0.06347889505636875,0.01108768359375,0.06250306704556477,0.1253409846777198,-0.14827809769952416,3.4145424935785527,2103.515625,1126.9030890591487,8708.436552789874,0,100.mat
0.06272186904300282,0.01028500330528846,0.061872866130944684,0.048151993489196965,-0.10481579121278253,3.3060827980990397,2103.515625,1109.748099880812,8472.102771439355,0,100.mat
0.06619622717741577,0.009705708533653847,0.06548083471049981,-0.13844382485891105,-0.11289411752658318,3.145166465275305,2103.515625,1090.5613880648496,9387.147446835703,0,100.mat
0.06689921630100744,0.010548319110576923,0.06606238041147486,-0.17825131647580017,-0.12559955923571584,3.2243771993044907,2103.515625,1073.810140728586,9619.157107768926,0,100.mat
0.06623281136213205,0.009475192608173078,0.06555155242989893,0.20070390846881336,-0.11166735562894896,3.600139865899072,2103.515625,1117.0792913394366,9388.033852762,0,100.mat
0.06050818884674312,0.009119079627403846,0.059817082044029836,-0.05089631024710917,-0.1520021286041115,3.3856625292682905,2103.515625,1110.2762472120858,7852.572857992667,0,100.mat
0.06394785256415669,0.010096149338942307,0.06314582817647495,-0.21155815116343124,-0.13928254681874233,3.356879428497845,2103.515625,1089.1437630576943,8789.708775556748,0,100.mat
0.06518647386061001,0.008537645733173078,0.06462495632273049,-0.15504688547726486,-0.03848416530345171,3.5875210347151265,2103.515625,1087.4998639092485,9064.242638419997,0,100.mat
0.0677079117804199,0.011235588641826923,0.06676917601361257,0.0005552876600924961,0.032520770138816935,3.5032197282487405,2103.515625,1069.038614665019,9878.843460314632,0,100.mat
0.06548048750336292,0.011930294170673076,0.06438448823031269,-0.1754977663839412,-0.09414064547555233,3.0775956200404253,2103.515625,1123.9933543298982,9290.436581495795,0,100.mat
0.06634571956756698,0.011259526442307691,0.06538331262052431,0.1215383844965352,-0.14833581135429447,3.5940130903629437,2103.515625,1119.1096840605435,9497.017296819105,0,100.mat
0.06526324347611842,0.011417719651442308,0.06425672437172768,-0.16373944548046238,-0.12250610588673873,3.4106888277176726,2103.515625,1106.8598134172717,9205.773451884897,0,100.mat
0.06980406275514263,0.011939767427884617,0.06877535264098553,0.059130955956453235,-0.1699008315507785,3.284455068131646,2103.515625,1031.358021426412,10517.563443906527,0,100.mat
0.0670119859938756,0.012007710036057693,0.06592739314225414,0.019293714575836063,-0.19970715582741944,3.5115830452728285,2103.515625,1123.7220673949173,9719.860570252216,0,100.mat
0.06769982540145286,0.012535462139423076,0.06652915562622372,-0.04724350654352527,-0.1992388313193486,3.01984644289333,2103.515625,1096.5836974431452,9941.346615849634,0,100.mat
0.06507584517494173,0.011801844951923077,0.06399673492424247,-0.19736295500780532,-0.11426188267306862,3.115966504945748,2103.515625,1093.534048924534,9173.255518181559,0,100.mat
0.06697065093122644,0.009974524939903844,0.06622368864972275,-0.12390353394290754,-0.20018630123224215,3.3237337891967096,2103.515625,1100.9222726515663,9614.51713393823,0,100.mat
0.06453498643362932,0.01048363611778846,0.06367776572508274,0.1981497983639482,-0.2831501297614958,3.1194528313860634,2103.515625,1117.3189805398993,8964.633945598664,0,100.mat
0.06448229385717322,0.010122735576923078,0.06368277981937139,-0.1052072441375489,-0.23283811645634814,3.743167086062796,2103.515625,1103.0730615059829,8934.780331568205,0,100.mat
0.06757476475857792,0.009585713942307693,0.06689142635938775,-0.12412609216399062,-0.08851758824993318,3.58421464586329,2103.515625,1048.1172730266837,9769.026100782223,0,100.mat
0.07021727383155789,0.011322987079326923,0.06929830811742362,0.05564899802876733,-0.07210180780252808,4.082151339984298,2103.515625,1045.397237495817,10608.81160885572,0,100.mat
0.06640445292134899,0.00995038341346154,0.06565471222775075,-0.09514768191047018,-0.18869245652479383,3.6442412444910803,2103.515625,1074.9521154806628,9455.138508546193,0,100.mat
0.06452569030858031,0.013105894831730767,0.0631806950773607,-0.11628756315120947,-0.1623071448905266,3.074639416028834,2103.515625,1145.9094000814846,9091.8406573735,0,100.mat
0.06620581882338367,0.013931188701923076,0.06472350753340023,0.15547735273577112,-0.14047558882332528,3.3054124599731676,2103.515625,1178.264715271728,9599.261980593214,0,100.mat
0.06721273570770493,0.012441850060096155,0.06605113328623423,-0.030080350414459556,-0.10611445683294778,2.964136040736307,2103.515625,1112.3201881110922,9798.629161203336,0,100.mat
0.06731607589228499,0.011170090745192306,0.06638285280311507,-0.15233869888910867,-0.21303109726004266,3.1176368221298763,2103.515625,1131.5518304886887,9764.809344616931,0,100.mat
0.06752475004308084,0.012710055288461539,0.06631776807873435,-0.11384267490612832,-0.1364503213767941,3.123449604946231,2103.515625,1134.1309999672294,9900.940401475955,0,100.mat
0.06534448190245747,0.012429728365384614,0.06415140815183518,0.005501414265075777,-0.05437207628113304,3.46391440742573,2103.515625,1121.8712823909696,9278.636170251064,0,100.mat
0.06407219199722405,0.011892503004807691,0.06295882908385274,-0.31201490358190753,-0.04674689714890159,3.119193088792673,2103.515625,1169.9417183159974,8905.9213074659,0,100.mat
0.0636274403215573,0.013067288762019229,0.06227115806120311,-0.15904530018464547,-0.15604401814835556,3.0688646127077277,2103.515625,1122.0621108595817,8848.313773779428,0,100.mat
0.06801868485718734,0.01348166736778846,0.06666922929422295,-0.02040802405829023,-0.033266785768549044,3.4320071885357595,2103.515625,1082.7454292882592,10083.729187274703,0,100.mat
0.0630891808542979,0.014371338641826922,0.061430524712949026,-0.014197992070103638,-0.14961117062393683,3.2603810422870056,2103.515625,1104.6127041341292,8780.314142297086,0,100.mat
0.0674003717245082,0.014220988882211537,0.06588302955855856,-0.07417635097352804,-0.09317475454556141,3.5780126792341407,2103.515625,1082.8140680186107,9951.083122834874,0,100.mat
0.06655099471324313,0.012788082331730769,0.06531079426556524,-0.17737172944319646,-0.0675903883618481,3.197363063085054,2103.515625,1096.9588420027817,9631.316361683053,0,100.mat
0.06694125322360234,0.013750280048076923,0.06551382435597777,-0.17987693986483277,-0.207369279620566,3.150675311405591,2103.515625,1127.139876393682,9794.118644483771,0,100.mat
0.06599197216388628,0.011539038461538462,0.06497531055302681,-0.04626195696674351,-0.20546474403455128,3.480507263688545,2103.515625,1114.988143194871,9412.205326294494,0,100.mat
0.06600904784340308,0.011772712139423078,0.06495073245218223,0.010343311971839242,-0.1669815282584778,3.1509246877028665,2103.515625,1104.4717015145022,9428.356661548474,0,100.mat
0.06449167861333119,0.013566213641826922,0.06304866737520713,-0.13053251223351836,-0.12603684515372715,3.0633218653721244,2103.515625,1146.7015432751343,9108.385250428983,0,100.mat
0.06583513129526902,0.012509588942307692,0.0646357076016021,-0.12753800696756912,-0.11235645256228376,3.1782610082569556,2103.515625,1098.3150334351328,9417.7936018656,0,100.mat
0.06542021993451508,0.01168348016826923,0.06436848194138173,-0.15917802400272008,-0.16079363556095702,3.0166537814103833,2103.515625,1103.8907872940088,9261.670956652295,0,100.mat
0.06570033239739463,0.012033990685096153,0.06458882833214395,-0.09871398249490948,-0.22745546991841026,3.14667884636219,2103.515625,1108.9471142550842,9356.129327568155,0,100.mat
0.06370626131282418,0.009210246995192309,0.06303696598620043,0.11331992950815195,-0.0857391916937561,3.5857361811289024,2103.515625,1102.0961979638112,8689.163021351374,0,100.mat
0.06671515557906182,0.009206070612980769,0.06607692674305635,-0.24660778836178876,-0.1222808515592967,3.001878171346468,2103.515625,1070.437824427888,9511.976193803168,0,100.mat
0.0692085606827863,0.01013414423076923,0.06846257366249739,0.3640938689365214,-0.15030461293529557,4.0482052909987205,2103.515625,1098.9449659260392,10260.367558871305,0,100.mat
0.06883280697954462,0.011256572415865383,0.0679061476902469,-0.13168219908448497,-0.010850252949523922,3.658121472593693,2103.515625,1083.465286542607,10201.942002046215,0,100.mat
0.06380750359710062,0.01280621394230769,0.06250918652292518,-0.0545078604611251,-0.11994749468719743,3.534274467046819,2103.515625,1105.560325790054,8882.269240775013,0,100.mat
0.06449181667483213,0.011686434194711538,0.06342414109653226,-0.09729322825145603,-0.22296332168966268,3.163592788563313,2103.515625,1131.091197984181,9008.876250783625,0,100.mat
0.06772290089275065,0.012267868088942306,0.06660248282069998,-0.013207367706856488,-0.1323039653162661,3.388468598537061,2103.515625,1120.7912263968874,9933.979806018384,0,100.mat
0.06604052026677223,0.012785128305288461,0.06479113219664606,-0.03771125525016039,-0.09712551022517699,3.37370495976137,2103.515625,1113.3880775738705,9489.212726726784,0,100.mat
0.0655955004353112,0.010984598257211538,0.06466922203402928,-0.05306908359042861,-0.03998196865031684,3.2693799721233567,2103.515625,1070.5224128043674,9276.607295283264,0,100.mat
0.06742768466584093,0.012438488581730769,0.06627048106961525,-0.046372287714530724,-0.1502955202900994,3.2424207380159555,2103.515625,1096.674290636882,9859.148066261247,0,100.mat
0.0661145105456595,0.011509803786057692,0.0651049377658759,0.34566931548634416,-0.042319596498325215,4.291295825006292,2103.515625,1112.9526746551337,9444.741741971136,0,100.mat
0.06260708962308534,0.010542512920673076,0.06171307067704929,-0.0974510609783219,-0.08758841896966063,3.4354329970188138,2103.515625,1085.6650757860339,8453.183984095069,0,100.mat
0.06746780616702401,0.01324870673076923,0.0661541883704516,0.07299764794893049,-0.042645964171863344,4.02897117302008,2103.515625,1062.2720298010586,9914.145057710466,0,100.mat
0.0645887393582256,0.01246731580528846,0.06337405848212661,-0.1545165617046722,-0.10032379491703251,3.517364731120448,2103.515625,1063.6244409869955,9074.668659567691,0,100.mat
0.06706922119065582,0.013635073016826921,0.06566860143894428,-0.143144035660137,0.014265670284933439,3.0669026056832593,2103.515625,1072.447019693555,9823.470263827978,0,100.mat
0.06717525028779983,0.01381180528846154,0.06574000521677935,-0.04503880506839586,-0.14799191523259694,3.133489226688481,2103.515625,1077.7310496777818,9863.493133559052,0,100.mat
0.06554393148692107,0.011216132812499998,0.0645771269064718,-0.03501113319756399,-0.19315120216745232,3.5711385665836692,2103.515625,1113.4908858643705,9273.203636359003,0,100.mat
0.06368790808593583,0.011730846454326923,0.06259821784865457,-0.1103723272029713,-0.15361240175434654,3.1281870969740275,2103.515625,1136.8314879153181,8794.955548369982,0,100.mat
0.06618168057149766,0.013375628004807693,0.06481595034206283,0.17767304251989513,-0.1538825999123287,3.259335602082102,2103.515625,1092.4159566452174,9560.752595222959,0,100.mat
0.06731014231031512,0.01277616436298077,0.06608649545864098,-0.1428765422144158,-0.1568598960294577,3.4650350154475564,2103.515625,1106.2338630079169,9843.79143113973,0,100.mat
0.06991342439104575,0.013788173076923076,0.06854030342275473,0.01454319869305154,-0.13450966158598957,3.3419794954165583,2103.515625,1054.2654461306945,10649.33841785061,0,100.mat
0.06496044556809275,0.014897766526442306,0.06322907591392393,0.7050570434085386,-0.1737004566862273,4.704732792221695,2103.515625,1075.0786740972035,9315.13578157365,0,100.mat
0.06557104612134589,0.014259696814903846,0.06400174322778006,-0.23814796820274964,-0.0888487866505901,3.003351856129894,2103.515625,1066.7210760295184,9443.26788726716,0,100.mat
0.06477062284801373,0.01429494140625,0.06317347730109145,-0.2595337224669816,-0.20876059878270456,3.3271208895639157,2103.515625,1160.5464762667696,9226.58208469152,0,100.mat
0.06513608393000665,0.013338651742788461,0.06375570405400192,-0.055485588167450306,-0.0735048906208012,3.6031074257473206,2103.515625,1105.9640069991754,9270.730124039896,0,100.mat
0.06605440532671544,0.015000036959134613,0.06432871329577958,0.03948302918835722,-0.0887293959570749,3.5056416869961913,2103.515625,1141.645721037288,9622.118003764588,0,100.mat
0.07038030379688212,0.018812055288461537,0.06781956751827076,-0.019287900327617624,-0.14122813103883933,3.0411830166732905,0.0,1066.2216307481135,11130.173278029404,0,100.mat
0.06611942865263694,0.016375594651442307,0.06405949379415045,0.05453771937271057,-0.09960354002397463,3.429626173393731,2103.515625,1095.1539304745202,9730.655933360673,0,100.mat
0.06832669797660695,0.017409198317307695,0.06607160865557245,-0.1545717646526028,-0.2210080037092907,2.931076360507514,2103.515625,1051.312912268808,10426.238162238933,0,100.mat
0.06624805836595142,0.016113501201923078,0.06425854274938181,-0.11829883176937539,-0.10899818700843805,3.240324864819876,2103.515625,1102.5441243279831,9748.506328657484,0,100.mat
0.06361991567930285,0.014225674579326922,0.06200906267477921,-0.06208582791806361,-0.1663042807802236,3.557811887847705,2103.515625,1086.718643011708,8912.609714148502,0,100.mat
0.06410255192806646,0.01570360456730769,0.06214928774558959,0.18256377351957465,-0.11272324213451466,3.436647052695442,2103.515625,1129.676862843665,9134.648021339975,0,100.mat
0.06789213452261733,0.011899531550480768,0.06684117801861575,0.03376713105841089,-0.09299907789751881,3.1802936318785693,2103.515625,1097.0443270938154,9963.442340964535,0,100.mat
0.06843732341009882,0.010359057692307692,0.06764877795840736,0.03135056810987624,-0.056581719212965446,3.2585997675201033,2103.515625,1074.466400244733,10047.407544794176,0,100.mat
0.061161371103847194,0.012346608173076923,0.05990220848952921,-0.1496319759165492,-0.25671186070073354,3.2198905865361724,2103.515625,1155.057545679971,8164.530413696634,0,100.mat
0.06215049613959444,0.011886900540865384,0.061003161933864694,-0.3943063056155651,-0.16030153264899777,2.9403961074198666,2103.515625,1152.9113170512237,8396.956530795145,0,100.mat
0.06739740957653642,0.013380619290865384,0.06605580856382219,0.08416614370732045,-0.1468537093992044,3.401737680020934,2103.515625,1052.5872630976894,9901.601922025224,0,100.mat
0.06740735204182201,0.013182393930288461,0.06610579096839261,-0.09478209451461295,-0.1141879552290027,3.4012359297256056,2103.515625,1080.890853066723,9893.36878604816,0,100.mat
0.06408638961910841,0.012514376502403845,0.0628526508205362,-0.2598543779010467,-0.055849879065222735,3.0371215324028684,2103.515625,1086.0109709036415,8941.574251668144,0,100.mat
0.0657285960366699,0.012421477463942308,0.0645442114721724,0.05602063029631532,-0.2587189711570396,3.3516286584144024,2103.515625,1116.238558733259,9383.791423925313,0,100.mat
0.0652230316174036,0.012634167367788461,0.06398766809540365,-0.28139223606847485,-0.11592176157799307,3.176103161506545,2103.515625,1098.534639817743,9256.127645379012,0,100.mat
0.06349333729639835,0.012148077223557692,0.06232036666134665,-0.25327453412403367,-0.06492810038370699,3.180486345598774,2103.515625,1170.0190812328042,8763.950930081352,0,100.mat
0.06738454345239508,0.01354003485576923,0.06601018218723742,-0.11421166335650712,-0.15809646670917393,3.557181879438217,2103.515625,1076.9145768000985,9906.965257557702,0,100.mat
0.06819227569308113,0.012631213341346155,0.06701222958331249,0.4384938807445016,-0.0657103281718571,3.9158055599951953,2103.515625,1123.6040698657125,10086.740393437425,0,100.mat
0.06636577595492636,0.011974604567307694,0.06527652766160356,0.11774248616341154,-0.20459691660388774,3.6463650529483917,2103.515625,1099.0660125147613,9537.441420611985,0,100.mat
0.06696410506587315,0.01221846454326923,0.06583996120501721,-0.2846084878675166,-0.10090958906864934,3.433095292171904,2103.515625,1088.209321942587,9717.11562960004,0,100.mat
0.07102041801586828,0.012242300480769231,0.06995731451454684,-0.06963840669504107,-0.23180857597439486,3.2105783344399494,2103.515625,1089.8157751821163,10892.130259308455,0,100.mat
0.0631166950266115,0.013951866887019231,0.06155536208527395,-0.06619864519392626,-0.22431523793940783,3.0804771761189698,2103.515625,1117.6881030945863,8762.680428524798,0,100.mat
0.062177045807681804,0.01428017127403846,0.060514971153878015,0.023865490731127093,-0.17320830364093115,3.100189352527912,2103.515625,1154.4651118948016,8535.212564757412,0,100.mat
0.06785356535016358,0.013262763822115385,0.0665447625777394,-0.1697186206874619,-0.02948385218501611,3.793925688162295,2103.515625,1106.4292814974508,10024.399246777126,0,100.mat
0.07097176169104649,0.015496822716346153,0.06925921919303475,0.04952264279726615,0.10386543583956538,3.8770869674270156,2103.515625,1025.1688840968563,11066.969883517982,0,100.mat
0.06460033402521236,0.013999844350961538,0.06306510536198175,0.47985367500078047,-0.31894262672200063,4.7438763997783004,2103.515625,1087.0178208196937,9162.87399061527,0,100.mat
0.06269765980343077,0.01380885126201923,0.061158091628583114,-0.07322513431669542,-0.16241146953848346,3.287395425063723,2103.515625,1101.6694636837528,8643.791282870981,0,100.mat
0.06701260514869914,0.01509466766826923,0.06529043005525363,-0.03491572752739147,-0.18268144429507596,3.228260614045884,2103.515625,1079.6200845331905,9895.491814047726,0,100.mat
0.06713424048725006,0.01540983173076923,0.06534174264457066,0.06497589695245898,-0.23205278583511077,3.5020808570283863,2103.515625,1085.2803469922492,9949.872983086127,0,100.mat
0.06701590869090912,0.01588145733173077,0.06510692229470445,-0.02325644451440123,-0.0530890098939893,3.3308279466595025,2103.515625,1076.636151101979,9947.531287378997,0,100.mat
0.2887459272559307,0.015557684572261728,0.28832649714800274,2.508836861296113,0.1370068063277538,5.134991438190072,3585.9375,2689.7607152095416,175355.96657876833,1,105.mat
0.2831431904681194,0.015594962165512722,0.2827133945597944,2.4004803254843523,0.11064314850137756,4.251582898803737,3585.9375,2700.5073667144143,168638.73705229574,1,105.mat
0.29033526703492185,0.015273264467159431,0.2899332590041294,2.4959365068350063,0.11769635597499489,5.388856771135867,3585.9375,2673.2493876118565,177267.7278860726,1,105.mat
0.29089437817779223,0.014769382446045408,0.29051919832879697,2.680114378035797,0.08777098210582003,5.382407956374846,3585.9375,2704.0676520303164,177917.40599300805,1,105.mat
0.2922749220849395,0.015191095133950849,0.2918798737638289,2.727599917144193,0.12910363237762798,5.323083012241982,3585.9375,2717.288312524082,179632.14503749303,1,105.mat
0.2871894672141099,0.014531043791323604,0.2868216150241451,2.782621074996082,0.15658150915469024,5.517454055644112,3585.9375,2692.522843603726,173411.24372868444,1,105.mat
0.2880099591833607,0.014170164963042665,0.28766116007156967,2.410890119112442,0.13875966431493536,5.246811659780101,3585.9375,2655.139113366895,174379.2962115476,1,105.mat
0.2901126769646233,0.014251858412082086,0.2897624024392775,2.339403322861795,0.1596935248423906,5.14551400488232,3585.9375,2664.57202263171,176933.51870052065,1,105.mat
0.2899492947897442,0.014286518642402693,0.28959711485812534,2.0001792362855753,0.1385160793880616,4.693515526405769,3585.9375,2651.707044220884,176736.8089649903,1,105.mat
0.29382240917309904,0.0145186708029254,0.29346348381084875,2.0360250766656742,0.1409878763162516,4.892031438715235,3585.9375,2680.2203911221877,181492.394321321,1,105.mat
0.28762827319906015,0.013777163953343314,0.2872981261631824,1.9114734207689557,0.10756550079628263,4.563662218716206,3585.9375,2622.346798381072,173895.4946570006,1,105.mat
0.2915685513734226,0.014347114559942612,0.2912153506493091,2.1042994732797675,0.1553665469064178,4.477475816836502,3585.9375,2640.275057451871,178715.20713462858,1,105.mat
0.29685314778949196,0.014898109113803643,0.2964790678907419,2.22286667111299,0.1288971749596081,5.068075521043682,3585.9375,2629.1640666267126,185270.2611712131,1,105.mat
0.2917618505961611,0.014065867015968065,0.29142259495170536,1.9954043042254561,0.14696586229121508,5.097500049664685,3585.9375,2630.527236340803,178934.92064403783,1,105.mat
0.29738763390284634,0.014648031982909182,0.29702666539784106,1.8685533842952262,0.154534441209399,4.616539358241708,3585.9375,2663.2570780714004,185920.8269587435,1,105.mat
0.2947436367147191,0.014488928042352795,0.2943872999094931,2.0289812500816886,0.10280533279132781,4.775888802966109,3585.9375,2662.694662508914,182627.83067661128,1,105.mat
0.2945581401927038,0.015001296664483533,0.29417589814967626,2.412988965674699,0.13681827027769006,5.564166238996486,3585.9375,2680.0980251995343,182430.2811951656,1,105.mat
0.292032023718802,0.014557851932853041,0.2916689421662856,2.808285543153289,0.18702575627200374,5.3603276975428376,3585.9375,2665.3556611839153,179295.2403933875,1,105.mat
0.2911434439678793,0.014446653665325599,0.2907847987143616,2.936952830258127,0.12129805626831935,5.584234325922943,2619.140625,2701.803793227758,178201.73746230835,1,105.mat
0.29051159344558886,0.014735277413922155,0.29013765271992853,2.5590907607033246,0.1922953296524956,5.5141869916493755,3585.9375,2707.3073404140805,177448.55844705447,1,105.mat
0.2947989008508647,0.014697841192614771,0.2944322764357784,2.5116668300711984,0.1479437272237511,5.77561525848927,3585.9375,2693.201285040859,182708.94430902315,1,105.mat
0.28757749933181626,0.01412662156156437,0.2872303199267047,2.73297858519903,0.1988823365440371,5.7421583148157715,3585.9375,2686.2272281288683,173854.55120304742,1,105.mat
0.2938895132774214,0.01421132894367515,0.29354571048491634,2.30149155663078,0.14034190726202217,5.495577154144282,3585.9375,2646.7834658825805,181556.73776070698,1,105.mat
0.2934045528006162,0.01377597424292041,0.29308096856975885,2.5081716865842196,0.17323048974842642,5.670747157978802,3585.9375,2650.5715835649066,180933.90408918494,1,105.mat
0.2905900469163778,0.014175399688903443,0.2902440928090053,2.479301135703026,0.13415276494652495,4.848625513229344,3585.9375,2685.9679392118123,177510.31300709274,1,105.mat
0.293689175061692,0.013652878871163922,0.29337165924292435,2.3588376588572055,0.1512579627370752,5.30463994464237,3585.9375,2694.884892226788,181277.18303787184,1,105.mat
0.29094639656682575,0.014389626879054394,0.29059033761207925,2.373314489727143,0.14626013758946893,4.801372803555612,3585.9375,2693.4741514743096,177957.52621995745,1,105.mat
0.28754706647544326,0.013688252927738273,0.2872210771695198,2.5983287805956046,0.13774255285647138,5.532058612341126,3585.9375,2666.397518033736,173792.4150222967,1,105.mat
0.28839639633077424,0.014260900211296158,0.2880435872255108,2.1375188291449394,0.17458372369875333,4.5548866453412185,3585.9375,2688.3618058206757,174851.79122580832,1,105.mat
0.2903928480725241,0.013408750292383982,0.2900831115857463,2.6149761843996595,0.16619882118823687,5.279831097072486,3603.515625,2676.864813247723,177225.7025146052,1,105.mat
0.2901147629883441,0.013037560640437873,0.2898216653673945,2.357120199751746,0.04732079434702736,5.012220910300755,3568.359375,2709.8170807341717,176866.25613880786,1,105.mat
0.2891858203306055,0.013206420206462077,0.2888841102338715,2.280203543768775,0.1924398223283122,4.759268115974624,3585.9375,2706.8285809897206,175747.01408376676,1,105.mat
0.29269854953114954,0.01278629379912051,0.2924191368370432,2.126860564518938,0.12966091085896073,4.788724565858401,3585.9375,2679.3829325306606,180010.9845753581,1,105.mat
0.28740372007920867,0.01191891558679516,0.28715646913591025,2.1481427650222047,0.19569290246028784,4.602269104632697,3585.9375,2668.96103038611,173524.56047257336,1,105.mat
0.29287992408915586,0.012743226281811376,0.29260256341734303,2.32762359906257,0.1658774105751462,5.11741781816196,3585.9375,2696.581014030959,180231.40725727694,1,105.mat
0.29108578654749784,0.011707860957771956,0.2908502383044734,1.9744418281548537,0.18237165286398813,4.8755239662357654,3585.9375,2670.0799852362215,177981.1143653824,1,105.mat
0.2937824941018289,0.012921682845247006,0.29349818390091953,2.122427398865014,0.20277172097503907,4.89490773774414,3585.9375,2645.6103420311897,181351.47340749958,1,105.mat
0.298742350417523,0.01181945579544037,0.2985084461077873,1.8600458224614895,0.1796337236543297,5.066474628745425,3585.9375,2659.0979698710967,187457.42436719846,1,105.mat
0.2925542674584901,0.01264051461530065,0.29228105788510167,2.09023527981528,0.21488955995361553,4.960431654984159,3585.9375,2672.3098380990937,179826.00190022078,1,105.mat
0.2910151070277763,0.013015035456430887,0.2907239263811218,2.1744376824185974,0.18520629379620746,5.102207703658365,3585.9375,2668.0670494347623,177962.5791214362,1,105.mat
0.2927449302977667,0.011815728036115268,0.29250638076120805,2.272963002828032,0.21104067941502114,4.943884099088923,3585.9375,2686.461371400832,180017.86121307482,1,105.mat
0.2935031014819519,0.012719352759325099,0.293227366807583,2.4329640864358613,0.20992136231217967,5.925083892542554,3585.9375,2686.1362041269963,180996.47751306958,1,105.mat
0.29223588310995197,0.012381395685192115,0.29197347896331305,2.37103727328444,0.19685733947047948,5.473869740639509,3585.9375,2687.7299684184727,179422.02791269586,1,105.mat
0.28768759604342664,0.012467213463697604,0.28741732986320856,2.5500396727988752,0.19811394871165167,5.406833050113182,3585.9375,2654.9068987422224,173894.95828087282,1,105.mat
0.29683022290399624,0.01258872255489022,0.29656315565773184,2.4957095115392205,0.22583913603939812,5.714748462217329,3585.9375,2690.9077015603893,185108.5963096417,1,105.mat
0.28662024206166087,0.01238234745353044,0.28635265081892486,2.7392721587516906,0.1911360714171657,5.4660718136239055,3585.9375,2698.705621596407,172604.93179014337,1,105.mat
0.29515948373900036,0.012654711826347306,0.294888078954822,2.5995659492670278,0.2103932760865704,5.071841625161439,3585.9375,2730.7675953566854,183037.83142925607,1,105.mat
0.292875349368639,0.012410107363398202,0.2926123023781319,2.2736435979218728,0.20202468256248662,4.712623648185334,3585.9375,2692.3033766127096,180208.2239623859,1,105.mat
0.28975623717130333,0.01219754576783932,0.2894993900803835,2.6973802234441395,0.20714339975726093,4.995438425237518,3585.9375,2677.3536563144507,176386.1089472244,1,105.mat
0.29246510730446673,0.01270729702703967,0.2921889176421307,2.4703971880576043,0.15240577728869542,5.135228689066597,3603.515625,2687.1980113391546,179720.292057281,1,105.mat
0.28752219441190774,0.01219841822214945,0.2872633127851804,2.626314577506067,0.19132563283769374,4.866463301891389,3603.515625,2687.513591521336,173681.4733941735,1,105.mat
0.28470325283708453,0.012629727907466314,0.2844229810493524,2.5049146222849457,0.18592166313287622,5.13544748163118,3603.515625,2678.6901044237597,170321.12092766655,1,105.mat
0.2930848037576659,0.012048514708863523,0.2928370459606841,2.797532461248573,0.18935060156158864,5.2823251212880145,3585.9375,2675.411916869407,180447.0663315433,1,105.mat
0.28992942045666087,0.01234395946388473,0.28966652466429255,2.614254070154164,0.20829168081293092,5.128597074773167,3585.9375,2700.7991285790904,176604.1221566653,1,105.mat
0.29963723966081635,0.012425018400698602,0.29937951551383035,2.858858130137821,0.18119199183362109,5.367933093067251,3585.9375,2724.574851001296,188611.10030876912,1,105.mat
0.2903483209989698,0.012085157789888973,0.29009670192560666,2.6756263943129213,0.1404728758688388,5.0708473563836725,3585.9375,2684.226479943782,177100.68389581362,1,105.mat
0.2901648991162369,0.012092296052426399,0.2899128231991755,2.0561063243785123,0.1864715925612212,4.905552140357135,3585.9375,2686.5937286317358,176877.7609221795,1,105.mat
0.2933756987567429,0.011844677656405938,0.2931364942006079,2.438859757457479,0.18976125424918225,4.899480322211983,3603.515625,2685.0388719386033,180794.60982260358,1,105.mat
0.2924389674321048,0.012078891981661677,0.2921894078183721,2.549235341589318,0.18191309955845444,4.751871979074639,3585.9375,2689.1655746964734,179655.5063103913,1,105.mat
0.32356788084023613,0.004329594171032935,0.3235389128462841,2.2405826525190387,-0.0071463146538962566,4.745524424271546,3609.375,2751.0228196199287,219603.07362751054,1,108.mat
0.3213043113290258,0.004802226465038672,0.3212684221948961,2.338400212989904,-0.0022812767137262366,4.412938754665571,3550.78125,2739.754461136709,216550.89870513254,1,108.mat
0.31179969895059617,0.004957047448072606,0.3117602924464242,2.1059991112514833,2.3050489246209488e-05,4.478171017960924,2507.8125,2753.205800339278,203934.6124919085,1,108.mat
0.30676993487041626,0.00414487179937001,0.30674193221365453,2.1582298784951988,-0.043889330806277556,4.310141920023384,2507.8125,2736.9713289062274,197394.3033669223,1,108.mat
0.30742998811807154,0.004417236172186877,0.30739825246555436,2.0920856563499495,-0.013177449104499297,4.225860253963634,3591.796875,2690.1308008094948,198249.45832700853,1,108.mat
0.30481063769248307,0.004242507368076347,0.30478111158949794,2.2246107291209425,-0.02883339614743843,4.367156928317337,2507.8125,2722.5932857564376,194883.01082032072,1,108.mat
0.30213696703040926,0.004820151435410429,0.3020985153662201,2.329091899292272,-0.023509334719077627,4.403114672296803,3591.796875,2720.843751897054,191490.76629379755,1,108.mat
0.3048790904205897,0.00476042797218064,0.3048419231359227,2.237606832611845,-0.037610347524857604,4.491913751622202,3591.796875,2729.943889701554,194980.40084622087,1,108.mat
0.30714456657248734,0.004379482694766717,0.3071133421170877,2.4849344032588156,0.005711147235748374,4.250412606327027,3591.796875,2725.6127743270295,197880.88654882106,1,108.mat
0.3052880902220371,0.004429926416697855,0.3052559479901437,2.214991355982982,0.000645027798175711,4.582200819913841,2507.8125,2705.023995731314,195497.4336294448,1,108.mat
0.31028366704420574,0.0045239135401072845,0.3102506861244325,2.329891001500008,0.010003842285183974,4.367604329080191,2507.8125,2716.4640385879156,201948.2279282033,1,108.mat
0.30244692690881303,0.004386224387163174,0.30241511971495466,1.8795268433375902,-0.016793630829772303,4.187533725441605,2507.8125,2694.900796082691,191875.53018310928,1,108.mat
0.31226060202412836,0.004682541596494512,0.31222549124097504,2.2002861312978768,0.015383246812061558,4.330069215249903,3591.796875,2706.3347053639764,204532.26846388387,1,108.mat
0.31620092523772064,0.004466252241610529,0.31616938136401646,2.29990458795246,-0.0005075404219685031,4.6901593770353145,2507.8125,2736.3117209579123,209721.42211632032,1,108.mat
0.31706914640116257,0.004257973603574101,0.31704055459886066,2.1688255052221876,0.0038710115489939316,4.516453650714356,2507.8125,2728.125168677763,210870.67237784597,1,108.mat
0.318631817601961,0.004513285460329341,0.31859985160492926,2.260252393936039,-0.013434689074112114,4.223095561823069,3574.21875,2741.8633228060003,212958.6550865078,1,108.mat
0.31423832397445517,0.004050329477763223,0.3142122198218844,2.3213850558914704,-0.057085399367416766,4.702393891871772,2507.8125,2765.1380015109066,207119.0269323737,1,108.mat
0.31659526050747033,0.005016295027133234,0.3165555176584255,2.2686147163586563,0.04360254321505955,4.491916772849755,3574.21875,2773.934402694067,210255.54102439052,1,108.mat
0.31825013902257526,0.004784618750779691,0.31821417066387564,2.026493537556358,-0.04846279547437387,4.580847297973196,3574.21875,2734.514145342335,212454.17011575162,1,108.mat
0.3189247334885064,0.004431195441148953,0.3188939481045026,2.2308456632535822,0.029883291055040586,4.33737938647556,3591.796875,2722.3685212665273,213348.7666224065,1,108.mat
0.30733966078180747,0.004924211440400448,0.30730021026866666,2.175371770199681,-0.030924806901094094,4.73131023096125,3591.796875,2717.2965483868425,198142.93630923275,1,108.mat
0.31274005883424627,0.004989804141716567,0.3127002498468383,2.225065648081303,0.03348405703268672,4.224226711167251,2507.8125,2734.1277919941494,205166.98415970983,1,108.mat
0.3107082178681599,0.004532479455152195,0.31067515716709077,2.4269172795228364,-0.07525975503669476,4.850445038347901,2507.8125,2732.163654341173,202501.27880844806,1,108.mat
0.308039560624663,0.004405418381986029,0.3080080570353884,2.1141615392411888,0.01657790472782684,4.012898001862619,2507.8125,2713.1061160829945,199036.01211418718,1,108.mat
0.31538761338212234,0.004854732351702844,0.31535024694562136,1.993345666110602,-0.04767697284964831,4.169194728825189,3591.796875,2730.359943280507,208651.74925250292,1,108.mat
0.30846993167929915,0.004352753867265469,0.3084392197565065,2.3981776074589813,-0.013069380654724499,4.849832645813677,2507.8125,2713.7836563195374,199591.50034674833,1,108.mat
0.312915938296025,0.005026526536770208,0.3128755638758911,2.1767683720009785,-0.005699004958113214,4.006425298002314,3591.796875,2701.2625183807595,205398.5114003673,1,108.mat
0.307047846588729,0.0044993261913672655,0.307014879376553,2.354501416464017,-0.06281522442036364,4.329517749645749,3591.796875,2713.702639927758,197758.5443889906,1,108.mat
0.31723967655313307,0.004515664881175149,0.31720753640198623,2.0208449081445705,0.0006602934949786458,4.070610887856083,2507.8125,2757.383821272255,211102.21865181625,1,108.mat
0.3170655946541775,0.004449834237774453,0.3170343676774862,2.5424226463511017,-0.018570775288709988,4.759850377538519,3574.21875,2744.31464562649,210869.3676219923,1,108.mat
0.31646647933914385,0.0043034998557572365,0.3164372172079388,2.2410596226059267,-0.024451849688575455,4.470133923391492,3591.796875,2735.8187975756573,210070.65998583043,1,108.mat
0.31731464702585294,0.0054288072877682145,0.3172682039987208,2.3490836792413754,-0.03160578406362183,4.426447313514118,2507.8125,2771.9509945120126,211220.91035015302,1,108.mat
0.3161459490880483,0.005164453631798904,0.3161037638869044,2.24867683527983,-0.009723716928255265,4.768558456847072,3591.796875,2729.7471929454455,209662.6155849888,1,108.mat
0.30961289663729374,0.004834031390344313,0.3095751571180296,2.304718564414297,-0.045651601187249105,4.34873613161042,2507.8125,2726.3330823449555,201082.29804639556,1,108.mat
0.30549031044480573,0.005093467576565619,0.30544784557058224,2.260730053438664,0.04388618544775069,4.686574940620273,3591.796875,2721.5563162698895,195769.63606332685,1,108.mat
0.31192551609100194,0.004975289674557136,0.311885835012256,2.4051892486605597,-0.02238340279346704,4.257649830644277,3591.796875,2749.0715061546034,204099.50218073474,1,108.mat
0.3112788021259459,0.005033823427364024,0.3112380974024001,2.299469783960549,0.007846283437573237,4.419914043313254,3591.796875,2743.414727680303,203255.59853962067,1,108.mat
0.3099339751566089,0.005055158900948104,0.30989274648636683,2.3578066769691732,0.038301550868290256,4.790760742534947,2507.8125,2752.690538811162,201504.04916534974,1,108.mat
0.3186188088232528,0.0045392211475486525,0.3185864730451093,2.2818368306346546,0.00595267785577459,4.360406938315272,2507.8125,2730.9548588204816,212941.77024220774,1,108.mat
0.3088391855626037,0.00534354470746008,0.30879295501829657,2.3115539367689593,0.030800661897104925,4.351741379659282,3591.796875,2731.237798187126,200089.55887983504,1,108.mat
0.31723379198111923,0.004399866400012474,0.3172032785933684,2.4083303109104808,-0.034902710419283965,4.494652224650575,3591.796875,2740.5000617714345,211092.2330243434,1,108.mat
0.3126806722733085,0.004642091442115769,0.3126462118758696,2.260618104551816,0.002121699444180571,4.202171355582122,2507.8125,2724.8582857976076,205082.05215463688,1,108.mat
0.3191669968919506,0.004686983182073354,0.3191325807461178,2.3342884210210864,-0.032644923161981414,4.44961525831612,2507.8125,2742.289468416452,213677.8434248976,1,108.mat
0.32156810885036163,0.00465240226578094,0.3215344519375107,2.3625685963800507,-0.017084832969977516,4.453265309523571,3574.21875,2762.29641672927,216903.57186538045,1,108.mat
0.3256323246076795,0.00410140771191991,0.32560649453624496,2.4228502315640315,-0.015007312599753502,4.62315522345298,3574.21875,2755.687350939324,222409.67583454167,1,108.mat
0.32823779243319184,0.005039930607534928,0.3281990973188171,2.3298963678808695,-0.0343061459350738,4.266771593364922,3609.375,2746.079802189147,226000.4694239893,1,108.mat
0.3228028535558988,0.004726164312000999,0.32276825375914375,2.5342870102742276,-0.027891537136862387,4.70091563726884,3609.375,2744.443161814708,218573.607068623,1,108.mat
0.31715507679667276,0.004252104365487774,0.31712657149215423,2.2759530887536776,-0.03564478324917776,4.268367339190854,2507.8125,2735.950809704967,210984.8640493739,1,108.mat
0.30092382795179246,0.004974020650106039,0.3008827169309203,2.601299826822599,-0.03794102508678639,4.71127136067925,2507.8125,2703.059832254882,189959.79757384636,1,108.mat
0.31432662377792614,0.0039280272462886715,0.31430207924476466,2.1453465158098304,-0.016741697977152175,4.078362909588828,3591.796875,2706.6522694741193,207233.54695026175,1,108.mat
0.3041126233971448,0.004748292925867016,0.3040755521639051,2.4332757037134085,-0.01963653835925711,4.537953232126194,2507.8125,2711.445545858939,194001.30855340738,1,108.mat
0.31941549995983093,0.004841407594966318,0.31937880704124394,2.16050738859982,-0.0048074105083397095,4.204597625548872,2507.8125,2771.7347745761203,214013.62878618122,1,108.mat
0.3319913414372469,0.005663180241080338,0.3319430360451318,2.627337687913858,-0.010668065615817643,5.034641800578042,3609.375,2791.1514643671685,231211.59914196935,1,108.mat
0.32888577173083994,0.005347113838728792,0.3288423014464317,2.267760361589711,-0.0021358731989169627,4.4519720381194565,3574.21875,2790.9293267997828,226900.13817561974,1,108.mat
0.3278841209197329,0.00518729607191866,0.3278430855009272,2.2008213702104937,-0.06287906984290877,4.211925448478706,3609.375,2775.5774676057117,225516.96692731237,1,108.mat
0.3123102858963318,0.005247574733345808,0.3122661967553748,2.258955400863864,0.016004537829430846,4.6669305654745195,2507.8125,2743.4374177011327,204609.0527359521,1,108.mat
0.3111196604507844,0.004511381923652694,0.311086950147624,2.4955024987826553,-0.026607738687463522,4.493180291214804,3591.796875,2724.132007938733,203037.3524185095,1,108.mat
0.2997387230376183,0.004943564063279691,0.29969795338402677,2.23635937525352,-0.006805743411170416,4.437802576740034,2507.8125,2700.588970939219,188466.30235343336,1,108.mat
0.3081317777487308,0.005370511477045908,0.3080849721506522,2.175947549116775,-0.03622746034230295,4.5546731051626,2507.8125,2715.4574982844365,199174.9794779939,1,108.mat
0.3028030786551746,0.004965375421032935,0.30276236471856943,2.232622877818815,-0.0027227687725230707,4.47979516749835,2507.8125,2703.0043217392317,192338.95106474514,1,108.mat
0.1518902732819418,0.003501714344748004,0.15184990324103187,16.013808260051267,0.06373328429797713,8.682654852528115,3380.859375,2825.058092895679,48408.38373736269,2,171.mat
0.1779049500892983,0.0035247947269523455,0.17787002864003976,21.395968439203255,0.2028191194582286,10.422402552921215,3451.171875,2880.144247837075,66401.27308878204,2,171.mat
0.15715023861498492,0.0032556822292914176,0.15711651100367705,15.224055305078249,0.03971592398625506,7.756356110658976,3550.78125,2850.697667086568,51813.905575207646,2,171.mat
0.17617698245661736,0.0035738901104041916,0.17614072912588394,19.657094382617572,-0.06055493332822483,9.862631080437525,3310.546875,2887.2258021303423,65118.879536416534,2,171.mat
0.1682595323951981,0.003454046613803642,0.1682240761717549,14.3687776568844,-0.13875595337201865,7.625571470190156,3339.84375,2898.478598968301,59398.05598329527,2,171.mat
0.1646318623571089,0.0034730026665419165,0.1645952257984667,22.451660447299258,-0.18083664515508094,10.76245126454449,3427.734375,2891.552865294475,56865.75989695746,2,171.mat
0.16968263414144305,0.003384012326908683,0.16964888679195672,15.520996430451305,-0.05039480476520421,8.316917133719521,3427.734375,2872.531837150592,60405.6245932108,2,171.mat
0.1557146736050172,0.003291214913922156,0.1556798878478123,12.759559027702752,0.032184840995537006,8.295198659139007,3486.328125,2838.485646897297,50872.48545293246,2,171.mat
0.16957727076643395,0.0033787776010479045,0.1695436068464839,16.292458620497666,-0.0987332883495928,8.068245771503538,3486.328125,2878.295078754801,60330.57998071532,2,171.mat
0.1595019579049526,0.003405347800492764,0.15946560187661463,15.152210907703484,0.0883050444457262,8.488277035408018,3486.328125,2862.559258044497,53377.68085851306,2,171.mat
0.16938428158415017,0.0031761302590132237,0.169354501104507,17.99978995470205,-0.13433944431272457,8.715156124734364,3486.328125,2891.1806414396706,60190.58133069128,2,171.mat
0.16149087937681247,0.0032805075201160173,0.16145755600871287,14.510790422602483,0.1551594579534235,8.561770359334755,3462.890625,2898.3104968889456,54714.78148409673,2,171.mat
0.162067241529511,0.0033177851133670165,0.16203327768988188,16.273887804667936,0.04896431562388708,8.5343288173919,3328.125,2879.901442678715,55106.43287553613,2,171.mat
0.1720244774487447,0.0032863767582023452,0.17199308291125204,19.290341962196067,0.13315560335944288,9.496381701186326,3533.203125,2900.130879060558,62082.45213655549,2,171.mat
0.15955414028807616,0.0034561880925648696,0.1595167027208621,18.680476075540007,0.10182656959659046,10.170384442408947,3328.125,2898.50742744746,53413.34740162133,2,171.mat
0.18307761827166796,0.0031528119347243016,0.18305046869355682,20.763885100988034,0.10687496539177327,9.220274352480487,3328.125,2889.7969495968546,70311.95810604976,2,171.mat
0.1612125377811228,0.003241881588385729,0.16117993839680184,18.43853416453397,0.10551449613881683,10.051655265743012,3328.125,2869.368175901108,54525.93504752392,2,171.mat
0.17172985916988298,0.0030709598576284932,0.17170239874870905,21.727257658524053,-0.030526127058212355,9.096488230210637,3421.875,2895.381346989266,61867.190541650496,2,171.mat
0.14866023443130943,0.003065011305513972,0.1486286345455308,16.628386943511757,-0.07726928690822164,8.024496916595261,3328.125,2858.64580453048,46366.475761495516,2,171.mat
0.16103425159279927,0.0031781924237462567,0.16100288593367082,21.661653138819386,-0.1763043811630002,8.520482613771575,3486.328125,2869.167490985158,54404.578568408484,2,171.mat
0.15104102486984944,0.003226494666916168,0.15100655921481967,15.810374954102581,-0.05948251998656265,8.419597469193143,3328.125,2852.8974355626383,47864.98087745766,2,171.mat
0.16043706382016643,0.0034150241119323852,0.16040071401820835,23.502695895194957,0.09659803295488653,9.384435128110464,3328.125,2867.175904503795,54005.25057652907,2,171.mat
0.1493004914624006,0.0033699737439184135,0.14926245351018338,19.157680136790752,-0.13963807218620075,9.767835192810761,3486.328125,2839.8787335081606,46770.66910071786,2,171.mat
0.16457150960238445,0.003453253473521706,0.1645352752854394,21.45545943163088,-0.0015806716212059982,10.125823115034727,3445.3125,2882.049439541782,56823.814955355185,2,171.mat
0.1585018761769321,0.0034392942045596304,0.15846455757355332,20.478280953745145,0.03780829406880269,9.01119993187975,3462.890625,2871.117901876331,52711.230784993226,2,171.mat
0.15990605226721838,0.0034204174658495506,0.15986946642822603,19.46747387769289,-0.03760828420545399,8.749223388475231,3462.890625,2856.7045825982505,53648.59476727406,2,171.mat
0.1724032972204399,0.0035343917243637725,0.1723670646255197,18.302007660211753,0.2410808788435263,8.211108363423971,3462.890625,2893.1709558429366,62359.62028085101,2,171.mat
0.15544618007157415,0.0033034292742639723,0.15541107506826596,14.37039190123176,0.2337736337406358,8.391033418870673,3462.890625,2842.767721754268,50697.443634856405,2,171.mat
0.17815855364820116,0.003747349890063623,0.17811913879990668,16.41967901045527,0.12536034420281647,7.802711752276269,3462.890625,2884.8268472939817,66594.03568869054,2,171.mat
0.15599576674297197,0.003523763644585829,0.1559559627956072,19.206649646578835,0.29899669293327336,9.266342604941249,3462.890625,2849.170393490623,51059.56067917781,2,171.mat
0.17594436574024266,0.0034479394336327344,0.17591057827600443,21.34839646609923,0.26775279175743283,9.265422937626829,3486.328125,2884.343344524708,64945.241122967374,2,171.mat
0.14918268036169632,0.003683740039452345,0.14913719247465332,14.770547981936527,0.24627390935442342,8.012727193681632,3392.578125,2874.2779214098473,46701.56565361943,2,171.mat
0.16288304889796715,0.003400588958801148,0.16284754715079636,18.207808893029835,0.22328680454399708,9.0450580137986,3398.4375,2876.61320186004,55663.54830251298,2,171.mat
0.16176325686411802,0.0037258557884231533,0.16172034278324574,15.7461839483116,-0.08849798518363362,8.333469341860093,3328.125,2891.526571329562,54906.01489124004,2,171.mat
0.16313428785403458,0.0035485889354104293,0.1630956878345056,15.309893326055512,-0.021053146039166824,8.551193697916869,3486.328125,2869.345186686337,55837.48354196333,2,171.mat
0.16993754191078914,0.003546685398733783,0.16990052728983399,24.328679942306323,-0.0664143264552738,10.84318444916531,3486.328125,2883.4177110588503,60589.545960660704,2,171.mat
0.15031468470230144,0.0035577893626808884,0.15027257425093604,13.991138390631686,-0.2162967333473112,8.31655776652069,3486.328125,2863.6787413899187,47410.653024134415,2,171.mat
0.1767227986038432,0.0037147518244760483,0.1766837518428253,21.454768464967216,0.015137397838326615,9.242074267973928,3462.890625,2902.025803323435,65524.97277494315,2,171.mat
0.16244511677490264,0.003528443172249252,0.16240679189243276,14.912515446119048,-0.2859474286587848,8.059504475734755,3462.890625,2863.619031115977,55366.6218519213,2,171.mat
0.16769415340907542,0.0036759672646893716,0.16765385874549818,16.975139186599595,-0.044592984477493124,7.853726591906643,3462.890625,2895.835029541915,59003.036643990985,2,171.mat
0.16748089988359524,0.003243309240893214,0.16744949319417715,25.032703240983423,-0.1586233569353789,11.22821466992956,3462.890625,2861.4840333618795,58846.78893667721,2,171.mat
0.1639433301132698,0.0035777764977856785,0.163904286106131,20.29632264126674,0.039424823798580734,10.556979086550472,3462.890625,2917.7275117660383,56392.646163884456,2,171.mat
0.16511931646614345,0.006006927239271456,0.16501001634867055,23.45113245859782,-0.08430761898804472,9.449844449951827,3462.890625,2941.697186989998,57252.81440515946,2,171.mat
0.1486308659791334,0.008000961222087075,0.1484153595192552,17.6075731668911,-0.05323082975713733,8.502576507618933,3521.484375,2878.6077555376432,46462.57673246036,2,171.mat
0.15636322695549743,0.006777621651228792,0.15621626864283114,19.5327853462687,0.03480209622191927,8.707490143270933,3544.921875,2858.197280534268,51370.566400644355,2,171.mat
0.14891163384950648,0.006395169407279192,0.14877424677672438,13.111202935158662,0.22297877576040084,7.611711093539236,3328.125,2842.611876793622,46589.43281923016,2,171.mat
0.15535890262119764,0.0052437676599925145,0.15527038199344648,17.396057396494804,0.14183139048175963,8.67177189937259,3492.1875,2865.126745907381,50675.33883231497,2,171.mat
0.16061782420175377,0.004843628387755739,0.1605447747992653,18.295850805358537,0.15557241589745252,8.532460182621465,2730.46875,2842.257741804712,54151.707209647466,2,171.mat
0.16560288589273667,0.004523913540107285,0.16554108258158878,19.197138443701284,-0.15882760913553384,9.011265286117817,2572.265625,2894.0178354985446,57555.874709469,2,171.mat
0.15830829644652072,0.004178976831493264,0.1582531291205369,20.73196334018323,0.06032826195180601,9.605025659629076,2730.46875,2845.5621357934015,52594.43361842531,2,171.mat
0.15832588826127225,0.004026455955276946,0.15827468068570247,15.403951633909728,0.087399970943523,8.283555215939714,3679.6875,2873.4534597262746,52603.49027863139,2,171.mat
0.16056172532317106,0.0036333756315494008,0.1605206099548388,15.318500195406791,0.10570159675354247,8.14392590624756,3462.890625,2878.8742181064267,54092.40495213311,2,171.mat
0.15797261441145702,0.003527887974051896,0.15793321661523083,15.863933116674474,-0.1184143141933767,8.584848096970129,3462.890625,2865.3183820874556,52361.256651049,2,171.mat
0.1715560341175428,0.002997990951690369,0.17152983674099703,23.02492147962802,-0.04703596341778145,10.586553804247826,3492.1875,2875.188930031193,61741.11995462507,2,171.mat
0.15419647190073335,0.0030853950107597302,0.15416560019751885,14.98730363104341,-0.07092381147743551,7.7311199307667104,3462.890625,2859.7061280555367,49883.00739207634,2,171.mat
0.17291678730476528,0.002840949175867016,0.1728934479371083,20.646393076589494,0.1547247363189307,8.878110882732887,3492.1875,2871.6245283696576,62722.21515877904,2,171.mat
0.15841928456194224,0.0026417916510728546,0.158397255841097,16.196762839859296,0.00544998483739847,8.181263435089148,3544.921875,2838.7680643592753,52646.162631651256,2,171.mat
0.1710773482198889,0.0028096201347305384,0.1710542753299304,24.766261541272012,0.10008690420489189,10.74245700560009,3492.1875,2895.91005617719,61394.85647851827,2,171.mat
0.16213005097737287,0.002623787366672904,0.1621088189142713,14.131166217563646,-0.04941182879087756,8.256507020888051,3457.03125,2858.1597171409417,55140.49607615978,2,171.mat
0.508356699165622,0.0037487775425711104,0.5083428766624973,3.666538782224114,0.2605935598799138,4.996647718986409,2812.5,2682.054181190757,541989.124253998,2,211.mat
0.48397623725203587,0.003247909454528444,0.48396533895395244,4.281545356522972,0.2906300811395446,5.304572885903816,2812.5,2682.943536877614,491244.318382952,2,211.mat
0.4691201365864695,0.0036510230028224803,0.46910592895628667,4.6846366886784025,0.2457749974523141,5.019829910838013,2812.5,2687.2029674537907,461555.9565404604,2,211.mat
0.5086082441210334,0.0038564463358439394,0.5085936234456145,6.752508499531826,0.3453734405466215,6.558299885575161,2812.5,2700.1396041219423,542527.3824162495,2,211.mat
0.47865703380661445,0.00402360065026198,0.4786401222738788,5.786752959238731,0.3114756768461655,6.224637176164895,2812.5,2685.339805652075,480517.7868230012,2,211.mat
0.4823713695000115,0.0040775341894336336,0.4823541352867731,7.095695962341155,0.3184406941052555,6.70370911246486,2812.5,2649.11033631475,488004.6781938573,2,211.mat
0.4931030196189688,0.003970658536442742,0.4930870327113988,5.130656928124148,0.2948298391640101,5.43203992441769,2812.5,2681.7653372295385,509956.80213441415,2,211.mat
0.4845403374281987,0.00384236809583957,0.4845251023450165,5.039756664312847,0.3010404652352282,6.21526645515965,2812.5,2660.8383271593384,492398.90456478216,2,211.mat
0.45409033241895286,0.003754527809615145,0.45407481048532294,4.235580064107967,0.2746755678679514,5.200288422842085,2812.5,2642.2688774745575,432458.1666705718,2,211.mat
0.4751315986007455,0.004062067953935879,0.4751142342561813,4.5423449167912935,0.27659765283843624,5.831515381651476,2812.5,2682.0914684523846,473466.74264492176,2,211.mat
0.4865176873430941,0.003506671471510103,0.4865050496684115,4.375735554007146,0.2992187740425173,5.7309303947869825,2812.5,2657.68227697993,496420.5336029256,2,211.mat
0.467934194338655,0.0037539329544036926,0.46791913641006394,4.8931592297150726,0.26706021721600737,5.457789488872022,2812.5,2686.6192991922935,459227.00961288484,2,211.mat
0.475283973151137,0.004000401297015349,0.4752671374330373,5.241413346290127,0.2657354873173823,6.277357146566861,2812.5,2657.4932501502108,473769.40839297744,2,211.mat
0.47116463208968146,0.003552871892932882,0.4711512364766936,4.499310942429858,0.27452785504040667,5.446225771860191,2812.5,2667.889704377515,465586.0515101789,2,211.mat
0.4714539631617947,0.003788831126808887,0.4714387384800441,4.8842405910767575,0.23041560112424453,5.797760458682443,2812.5,2657.9106105026603,466161.6411787177,2,211.mat
0.49001140202760785,0.004047791428861028,0.4899946831360626,4.828372556597319,0.21150503262221496,5.695042028399347,2812.5,2670.0076889494267,503583.972451769,2,211.mat
0.4593056665226311,0.004401928564745507,0.45928457226942565,4.350990801597884,0.24592801290343516,5.43035193980733,2812.5,2649.7692773910994,442459.373245439,2,211.mat
0.48616006077340257,0.004633327242000368,0.48613798141049114,5.145710799193983,0.21402896489434703,6.130241423314427,2812.5,2669.8910685359256,495710.25745574397,2,211.mat
0.4398621356369453,0.003947657468266592,0.4398444206393981,4.947989771650479,0.2876345736390572,5.675932847678552,2812.5,2655.969311410584,405786.8830148486,2,211.mat
0.4573413574034822,0.00439360059178518,0.45732025262992615,4.142191829568774,0.19958037922148583,5.662339550025803,2812.5,2662.0597504567463,438683.10367941577,2,211.mat
0.4558926694573265,0.004291880350626875,0.45587246662633957,6.208468158026719,0.19473163176279948,6.1853897665256525,2812.5,2682.470529117386,435906.76555450377,2,211.mat
0.4636891584123809,0.003959951142636597,0.4636722489174115,4.367577144771113,0.2380706880615446,5.4087924155499225,2812.5,2660.1754630224427,450936.558431281,2,211.mat
0.4733067867773955,0.0032520734410086075,0.47329561420731253,4.366359831295523,0.2236344391162525,6.206628350628128,2812.5,2676.9623944015266,469824.73265008605,2,211.mat
0.49403404395653516,0.0045135630594280145,0.49401342525943187,4.326355695715419,0.15383183536273187,4.80778139419013,2812.5,2683.2118772960034,511893.79518094566,2,211.mat
0.4909830839022263,0.004185797837917914,0.49096524090265353,4.58530969679929,0.2230587970550907,5.300827974728651,2812.5,2699.3977478839965,505585.37673756375,2,211.mat
0.4889225382218572,0.003466221317131361,0.48891025116178954,4.38267857234644,0.1851800752328008,4.927813454128343,2812.5,2698.0751523432355,501339.3802409516,2,211.mat
0.4836304286612818,0.0031465857835111053,0.4836201924289371,4.2138749562861655,0.18923121873469456,5.2462305433719925,2812.5,2682.0332883802207,490541.228319318,2,211.mat
0.5013604508187703,0.0029970788403661415,0.5013514926312927,4.31758730781432,0.18853798566800348,4.912478937396092,2812.5,2712.2878936449197,527163.3478329566,2,211.mat
0.46761137248602663,0.004338873912331584,0.46759124227410254,4.493664090335635,0.2451771809456333,5.744665583735572,2812.5,2658.791319759371,458603.5654700406,2,211.mat
0.48626537503284506,0.0033716393385104793,0.48625368585133055,5.139134098606123,0.2303045306490848,5.592769502654685,2812.5,2694.3869300042857,495903.81981304626,2,211.mat
0.490963783200338,0.00305636607644087,0.49095426980605367,4.60722872066886,0.21948920647879477,5.3564536539875505,2812.5,2702.232644240655,505528.414239303,2,211.mat
0.5086971771352268,0.003458884769523454,0.508685417661544,5.546378753214105,0.21762209309578817,5.834700960793075,2812.5,2701.6838333398573,542711.0196522903,2,211.mat
0.5040647912382713,0.002891392897798153,0.5040564984336504,4.926447320724416,0.20801008800584145,5.746531996376971,2812.5,2692.206338696608,532864.6463923218,2,211.mat
0.49365122199973627,0.002926291070203341,0.4936425486142836,5.498765984869175,0.2435916242891183,5.905595613049088,2812.5,2680.590560356236,511076.1284519117,2,211.mat
0.5271966695434882,0.0032863767582023457,0.5271864263290067,5.215366141170504,0.25144109715928886,5.307213173791945,2812.5,2695.5347182766172,582897.3444308742,2,211.mat
0.4850629719892865,0.003342491433149329,0.4850514555653849,4.293505842185052,0.24531343115396317,5.11939106735822,2812.5,2684.5013391718458,493454.109217304,2,211.mat
0.5678618008024833,0.0037237936236901173,0.5678495911521706,5.792325133470047,0.24601405672657894,6.380276968343725,2812.5,2716.824737355035,676291.4369336497,2,211.mat
0.4947243962557341,0.0025937670070016235,0.49471759684017097,6.479211787759555,0.24502022103339363,5.910843381255225,2812.5,2701.6297207083026,513296.60479716177,2,211.mat
0.5124902630543716,0.002934222473022702,0.5124818631561685,3.892267782946999,0.223552686923865,5.358083979777281,2812.5,2721.2919905336566,550826.9117066311,2,211.mat
0.5232843659887725,0.003344077713713198,0.5232736806227849,6.450813618647949,0.30834341550548544,6.500082627806707,2812.5,2692.179216244968,574279.25484284,2,211.mat
0.48648724057084386,0.0034848601137568635,0.48647475883977953,4.1885703948811726,0.20353367559048072,5.182033573202705,2812.5,2672.463723346898,496358.0802294599,2,211.mat
0.5043607598217792,0.0028410284898952123,0.5043527581020273,4.321781930777025,0.2554839361527543,5.260067728949571,2812.5,2767.6937051330315,533489.0051471186,2,211.mat
0.49686042144299936,0.0017740565256206303,0.49685725426923055,4.401515913566303,0.2222316675616798,5.824134327147901,2812.5,2747.6310097285227,517729.87559277314,2,211.mat
0.4890222846110596,0.0038062802130114782,0.4890074713919617,4.280231583310541,0.2643091784659117,5.204164463044235,2812.5,2671.0639404133794,501549.0058836602,2,211.mat
0.45597790286363843,0.003170578277039672,0.4559668796451239,5.1226902037338675,0.30640730794741616,5.860060032406052,2812.5,2734.7345541862915,436051.4479692402,2,211.mat
0.5249534573309431,0.0031085150499781666,0.5249442537049952,4.815023738477407,0.2601493147929854,5.834258882357789,2812.5,2695.7273415014097,577945.2775045715,2,211.mat
0.46570442894301445,0.002767861298886602,0.4656962036359856,4.981048438904889,0.31395012208298023,5.769060543413763,2812.5,2688.265960107111,454847.61436492915,2,211.mat
0.5023586498353781,0.0032280809474800392,0.5023482781475623,5.798201211759634,0.32021834280576617,5.998048720120648,2812.5,2686.938416367307,529267.9346087768,2,211.mat
0.49186918386256345,0.0027874915208645195,0.49186128524681155,5.642923835352779,0.2695000053700513,5.827919386177235,2812.5,2692.3505548250723,507391.3769342606,2,211.mat
0.48396319650121333,0.002962775523172405,0.4839541275047371,4.90266453598082,0.29420216483272876,5.9357101743042895,2812.5,2670.2807120465063,491214.13708627375,2,211.mat
0.4959664142518566,0.0032270895221276187,0.49595591533830946,5.014703136785043,0.25495316256446426,5.789599705696754,2812.5,2665.3210645552067,515884.8847806485,2,211.mat
0.4714601583899115,0.002695288963089449,0.4714524539828442,4.907245426832197,0.22896013659653,5.587517141561364,2812.5,2670.954532612324,466158.98588621826,2,211.mat
0.508175752722074,0.0030771860088416913,0.5081664359055147,6.601062061963711,0.2675591929318143,6.21147436054267,2812.5,2697.195081789874,541593.7995334063,2,211.mat
0.4930171331243568,0.002873745526525075,0.4930087576715129,5.965417496811034,0.23309374708742917,5.798699662455799,2812.5,2684.641126100289,509763.39916069724,2,211.mat
0.4711588664643125,0.0025416180334643206,0.47115201116593763,4.644740078216582,0.2790469622834274,5.512658063811755,2812.5,2668.1965764023503,465561.73851538927,2,211.mat
0.4669608158748262,0.0028408302048247257,0.4669521744742503,5.293487920883038,0.19179173242441983,6.326631318349455,2812.5,2662.608438194343,457305.9169988539,2,211.mat
0.49718151021618157,0.003197743331695981,0.49717122657936236,4.538604608015094,0.22250915350287703,5.198803553398683,2812.5,2691.7950151551636,518415.22486446996,2,211.mat
0.5048622261934489,0.002942153875842064,0.5048536532180152,5.484778806492155,0.219063444338305,6.135610397131929,2812.5,2655.30941565463,534552.5330134936,2,211.mat
0.5190615406596746,0.0018605088163516736,0.5190582062726099,4.467301011480611,0.1521408969974697,5.625096888078232,2812.5,2688.334342579427,565032.1521234568,2,211.mat
